\BOOKMARK [0][-]{chapter.1}{\376\377\0001\000\040\000T\000o\000p\000i\000c\000\040\000I\000n\000d\000e\000x}{}% 1
\BOOKMARK [1][-]{section.1.1}{\376\377\0001\000.\0001\000\040\000T\000o\000p\000i\000c\000s}{chapter.1}% 2
\BOOKMARK [0][-]{chapter.2}{\376\377\0002\000\040\000J\000e\000r\000a\000r\000q\000u\000\355\000a\000\040\000d\000e\000\040\000d\000i\000r\000e\000c\000t\000o\000r\000i\000o\000s}{}% 3
\BOOKMARK [1][-]{section.2.1}{\376\377\0002\000.\0001\000\040\000D\000i\000r\000e\000c\000t\000o\000r\000i\000o\000s}{chapter.2}% 4
\BOOKMARK [0][-]{chapter.3}{\376\377\0003\000\040\000\315\000n\000d\000i\000c\000e\000\040\000d\000e\000\040\000e\000s\000t\000r\000u\000c\000t\000u\000r\000a\000s\000\040\000d\000e\000\040\000d\000a\000t\000o\000s}{}% 5
\BOOKMARK [1][-]{section.3.1}{\376\377\0003\000.\0001\000\040\000E\000s\000t\000r\000u\000c\000t\000u\000r\000a\000s\000\040\000d\000e\000\040\000d\000a\000t\000o\000s}{chapter.3}% 6
\BOOKMARK [0][-]{chapter.4}{\376\377\0004\000\040\000\315\000n\000d\000i\000c\000e\000\040\000d\000e\000\040\000a\000r\000c\000h\000i\000v\000o\000s}{}% 7
\BOOKMARK [1][-]{section.4.1}{\376\377\0004\000.\0001\000\040\000L\000i\000s\000t\000a\000\040\000d\000e\000\040\000a\000r\000c\000h\000i\000v\000o\000s}{chapter.4}% 8
\BOOKMARK [0][-]{chapter.5}{\376\377\0005\000\040\000T\000o\000p\000i\000c\000\040\000D\000o\000c\000u\000m\000e\000n\000t\000a\000t\000i\000o\000n}{}% 9
\BOOKMARK [1][-]{section.5.1}{\376\377\0005\000.\0001\000\040\000E\000s\000t\000a\000d\000o\000\040\000i\000n\000t\000e\000r\000n\000o\000\040\000d\000e\000l\000\040\000d\000r\000i\000v\000e\000r\000\040\000G\000P\000S\000\040}{chapter.5}% 10
\BOOKMARK [2][-]{subsection.5.1.1}{\376\377\0005\000.\0001\000.\0001\000\040\000D\000e\000s\000c\000r\000i\000p\000c\000i\000\363\000n\000\040\000d\000e\000t\000a\000l\000l\000a\000d\000a}{section.5.1}% 11
\BOOKMARK [2][-]{subsection.5.1.2}{\376\377\0005\000.\0001\000.\0002\000\040\000D\000o\000c\000u\000m\000e\000n\000t\000a\000c\000i\000\363\000n\000\040\000d\000e\000\040\000v\000a\000r\000i\000a\000b\000l\000e\000s}{section.5.1}% 12
\BOOKMARK [3][-]{subsubsection.5.1.2.1}{\376\377\0005\000.\0001\000.\0002\000.\0001\000\040\000g\000p\000s\000\137\000d\000a\000t\000a}{subsection.5.1.2}% 13
\BOOKMARK [3][-]{subsubsection.5.1.2.2}{\376\377\0005\000.\0001\000.\0002\000.\0002\000\040\000g\000p\000s\000\137\000r\000x\000\137\000b\000u\000f\000f\000e\000r}{subsection.5.1.2}% 14
\BOOKMARK [3][-]{subsubsection.5.1.2.3}{\376\377\0005\000.\0001\000.\0002\000.\0003\000\040\000g\000p\000s\000\137\000u\000a\000r\000t}{subsection.5.1.2}% 15
\BOOKMARK [3][-]{subsubsection.5.1.2.4}{\376\377\0005\000.\0001\000.\0002\000.\0004\000\040\000r\000x\000\137\000h\000e\000a\000d}{subsection.5.1.2}% 16
\BOOKMARK [3][-]{subsubsection.5.1.2.5}{\376\377\0005\000.\0001\000.\0002\000.\0005\000\040\000r\000x\000\137\000t\000a\000i\000l}{subsection.5.1.2}% 17
\BOOKMARK [3][-]{subsubsection.5.1.2.6}{\376\377\0005\000.\0001\000.\0002\000.\0006\000\040\000s\000e\000n\000t\000e\000n\000c\000e}{subsection.5.1.2}% 18
\BOOKMARK [3][-]{subsubsection.5.1.2.7}{\376\377\0005\000.\0001\000.\0002\000.\0007\000\040\000s\000e\000n\000t\000e\000n\000c\000e\000\137\000i\000n\000d\000e\000x}{subsection.5.1.2}% 19
\BOOKMARK [3][-]{subsubsection.5.1.2.8}{\376\377\0005\000.\0001\000.\0002\000.\0008\000\040\000u\000a\000r\000t\000\137\000r\000x\000\137\000b\000y\000t\000e}{subsection.5.1.2}% 20
\BOOKMARK [1][-]{section.5.2}{\376\377\0005\000.\0002\000\040\000D\000i\000r\000e\000c\000c\000i\000o\000n\000e\000s\000\040\000I\0002\000C\000\040}{chapter.5}% 21
\BOOKMARK [2][-]{subsection.5.2.1}{\376\377\0005\000.\0002\000.\0001\000\040\000D\000e\000s\000c\000r\000i\000p\000c\000i\000\363\000n\000\040\000d\000e\000t\000a\000l\000l\000a\000d\000a}{section.5.2}% 22
\BOOKMARK [2][-]{subsection.5.2.2}{\376\377\0005\000.\0002\000.\0002\000\040\000D\000o\000c\000u\000m\000e\000n\000t\000a\000c\000i\000\363\000n\000\040\000d\000e\000\040\000\253\000d\000e\000f\000i\000n\000e\000\273}{section.5.2}% 23
\BOOKMARK [3][-]{subsubsection.5.2.2.1}{\376\377\0005\000.\0002\000.\0002\000.\0001\000\040\000A\000C\000C\000\137\000A\000D\000D\000R}{subsection.5.2.2}% 24
\BOOKMARK [3][-]{subsubsection.5.2.2.2}{\376\377\0005\000.\0002\000.\0002\000.\0002\000\040\000B\000M\000P\000\137\000A\000D\000D\000R}{subsection.5.2.2}% 25
\BOOKMARK [3][-]{subsubsection.5.2.2.3}{\376\377\0005\000.\0002\000.\0002\000.\0003\000\040\000G\000Y\000R\000\137\000A\000D\000D\000R}{subsection.5.2.2}% 26
\BOOKMARK [3][-]{subsubsection.5.2.2.4}{\376\377\0005\000.\0002\000.\0002\000.\0004\000\040\000M\000A\000G\000\137\000A\000D\000D\000R}{subsection.5.2.2}% 27
\BOOKMARK [1][-]{section.5.3}{\376\377\0005\000.\0003\000\040\000C\000o\000n\000s\000t\000a\000n\000t\000e\000s\000\040\000d\000e\000\040\000c\000o\000n\000v\000e\000r\000s\000i\000\363\000n\000\040}{chapter.5}% 28
\BOOKMARK [2][-]{subsection.5.3.1}{\376\377\0005\000.\0003\000.\0001\000\040\000D\000e\000s\000c\000r\000i\000p\000c\000i\000\363\000n\000\040\000d\000e\000t\000a\000l\000l\000a\000d\000a}{section.5.3}% 29
\BOOKMARK [2][-]{subsection.5.3.2}{\376\377\0005\000.\0003\000.\0002\000\040\000D\000o\000c\000u\000m\000e\000n\000t\000a\000c\000i\000\363\000n\000\040\000d\000e\000\040\000\253\000d\000e\000f\000i\000n\000e\000\273}{section.5.3}% 30
\BOOKMARK [3][-]{subsubsection.5.3.2.1}{\376\377\0005\000.\0003\000.\0002\000.\0001\000\040\000A\000C\000C\000\137\000S\000E\000N\000S\000\137\0002\000G}{subsection.5.3.2}% 31
\BOOKMARK [3][-]{subsubsection.5.3.2.2}{\376\377\0005\000.\0003\000.\0002\000.\0002\000\040\000B\000M\000P\0001\0008\0000\000\137\000O\000S\000S}{subsection.5.3.2}% 32
\BOOKMARK [3][-]{subsubsection.5.3.2.3}{\376\377\0005\000.\0003\000.\0002\000.\0003\000\040\000B\000M\000P\0001\0008\0000\000\137\000S\000E\000A\000\137\000H\000P\000A}{subsection.5.3.2}% 33
\BOOKMARK [3][-]{subsubsection.5.3.2.4}{\376\377\0005\000.\0003\000.\0002\000.\0004\000\040\000G\000\137\000C\000O\000N\000S\000T}{subsection.5.3.2}% 34
\BOOKMARK [3][-]{subsubsection.5.3.2.5}{\376\377\0005\000.\0003\000.\0002\000.\0005\000\040\000G\000A\000U\000S\000S\000\137\000T\000O\000\137\000U\000T}{subsection.5.3.2}% 35
\BOOKMARK [3][-]{subsubsection.5.3.2.6}{\376\377\0005\000.\0003\000.\0002\000.\0006\000\040\000G\000Y\000R\000O\000\137\000S\000E\000N\000S\000\137\0002\0005\0000\000D\000P\000S}{subsection.5.3.2}% 36
\BOOKMARK [3][-]{subsubsection.5.3.2.7}{\376\377\0005\000.\0003\000.\0002\000.\0007\000\040\000M\000A\000G\000\137\000X\000Y\000\137\000L\000S\000B\000\137\000G\000A\000U\000S\000S}{subsection.5.3.2}% 37
\BOOKMARK [3][-]{subsubsection.5.3.2.8}{\376\377\0005\000.\0003\000.\0002\000.\0008\000\040\000M\000A\000G\000\137\000Z\000\137\000L\000S\000B\000\137\000G\000A\000U\000S\000S}{subsection.5.3.2}% 38
\BOOKMARK [0][-]{chapter.6}{\376\377\0006\000\040\000D\000o\000c\000u\000m\000e\000n\000t\000a\000c\000i\000\363\000n\000\040\000d\000e\000\040\000d\000i\000r\000e\000c\000t\000o\000r\000i\000o\000s}{}% 39
\BOOKMARK [1][-]{section.6.1}{\376\377\0006\000.\0001\000\040\000R\000e\000f\000e\000r\000e\000n\000c\000i\000a\000\040\000d\000e\000l\000\040\000d\000i\000r\000e\000c\000t\000o\000r\000i\000o\000\040\000C\000o\000r\000e}{chapter.6}% 40
\BOOKMARK [1][-]{section.6.2}{\376\377\0006\000.\0002\000\040\000R\000e\000f\000e\000r\000e\000n\000c\000i\000a\000\040\000d\000e\000l\000\040\000d\000i\000r\000e\000c\000t\000o\000r\000i\000o\000\040\000C\000o\000r\000e\000/\000I\000n\000c}{chapter.6}% 41
\BOOKMARK [1][-]{section.6.3}{\376\377\0006\000.\0003\000\040\000R\000e\000f\000e\000r\000e\000n\000c\000i\000a\000\040\000d\000e\000l\000\040\000d\000i\000r\000e\000c\000t\000o\000r\000i\000o\000\040\000C\000o\000r\000e\000/\000S\000r\000c}{chapter.6}% 42
\BOOKMARK [0][-]{chapter.7}{\376\377\0007\000\040\000D\000o\000c\000u\000m\000e\000n\000t\000a\000c\000i\000\363\000n\000\040\000d\000e\000\040\000e\000s\000t\000r\000u\000c\000t\000u\000r\000a\000s\000\040\000d\000e\000\040\000d\000a\000t\000o\000s}{}% 43
\BOOKMARK [1][-]{section.7.1}{\376\377\0007\000.\0001\000\040\000R\000e\000f\000e\000r\000e\000n\000c\000i\000a\000\040\000d\000e\000\040\000l\000a\000\040\000e\000s\000t\000r\000u\000c\000t\000u\000r\000a\000\040\000E\000n\000v\000D\000a\000t\000a\000P\000a\000c\000k\000e\000t\000\137\000t}{chapter.7}% 44
\BOOKMARK [2][-]{subsection.7.1.1}{\376\377\0007\000.\0001\000.\0001\000\040\000D\000e\000s\000c\000r\000i\000p\000c\000i\000\363\000n\000\040\000d\000e\000t\000a\000l\000l\000a\000d\000a}{section.7.1}% 45
\BOOKMARK [2][-]{subsection.7.1.2}{\376\377\0007\000.\0001\000.\0002\000\040\000D\000o\000c\000u\000m\000e\000n\000t\000a\000c\000i\000\363\000n\000\040\000d\000e\000\040\000c\000a\000m\000p\000o\000s}{section.7.1}% 46
\BOOKMARK [3][-]{subsubsection.7.1.2.1}{\376\377\0007\000.\0001\000.\0002\000.\0001\000\040\000c\000h\000e\000c\000k\000s\000u\000m}{subsection.7.1.2}% 47
\BOOKMARK [3][-]{subsubsection.7.1.2.2}{\376\377\0007\000.\0001\000.\0002\000.\0002\000\040\000e\000n\000v\000\137\000t\000i\000m\000e\000s\000t\000a\000m\000p}{subsection.7.1.2}% 48
\BOOKMARK [3][-]{subsubsection.7.1.2.3}{\376\377\0007\000.\0001\000.\0002\000.\0003\000\040\000e\000n\000v\000\137\000u\000p\000d\000a\000t\000e\000d}{subsection.7.1.2}% 49
\BOOKMARK [3][-]{subsubsection.7.1.2.4}{\376\377\0007\000.\0001\000.\0002\000.\0004\000\040\000h\000e\000a\000d\000i\000n\000g}{subsection.7.1.2}% 50
\BOOKMARK [3][-]{subsubsection.7.1.2.5}{\376\377\0007\000.\0001\000.\0002\000.\0005\000\040\000p\000r\000e\000s\000s\000u\000r\000e}{subsection.7.1.2}% 51
\BOOKMARK [3][-]{subsubsection.7.1.2.6}{\376\377\0007\000.\0001\000.\0002\000.\0006\000\040\000t\000e\000m\000p\000e\000r\000a\000t\000u\000r\000e}{subsection.7.1.2}% 52
\BOOKMARK [1][-]{section.7.2}{\376\377\0007\000.\0002\000\040\000R\000e\000f\000e\000r\000e\000n\000c\000i\000a\000\040\000d\000e\000\040\000l\000a\000\040\000e\000s\000t\000r\000u\000c\000t\000u\000r\000a\000\040\000g\000p\000s\000\137\000d\000a\000t\000a\000\137\000t}{chapter.7}% 53
\BOOKMARK [2][-]{subsection.7.2.1}{\376\377\0007\000.\0002\000.\0001\000\040\000D\000e\000s\000c\000r\000i\000p\000c\000i\000\363\000n\000\040\000d\000e\000t\000a\000l\000l\000a\000d\000a}{section.7.2}% 54
\BOOKMARK [2][-]{subsection.7.2.2}{\376\377\0007\000.\0002\000.\0002\000\040\000D\000o\000c\000u\000m\000e\000n\000t\000a\000c\000i\000\363\000n\000\040\000d\000e\000\040\000c\000a\000m\000p\000o\000s}{section.7.2}% 55
\BOOKMARK [3][-]{subsubsection.7.2.2.1}{\376\377\0007\000.\0002\000.\0002\000.\0001\000\040\000a\000l\000t\000i\000t\000u\000d\000e}{subsection.7.2.2}% 56
\BOOKMARK [3][-]{subsubsection.7.2.2.2}{\376\377\0007\000.\0002\000.\0002\000.\0002\000\040\000f\000i\000x}{subsection.7.2.2}% 57
\BOOKMARK [3][-]{subsubsection.7.2.2.3}{\376\377\0007\000.\0002\000.\0002\000.\0003\000\040\000l\000a\000t\000i\000t\000u\000d\000e}{subsection.7.2.2}% 58
\BOOKMARK [3][-]{subsubsection.7.2.2.4}{\376\377\0007\000.\0002\000.\0002\000.\0004\000\040\000l\000o\000n\000g\000i\000t\000u\000d\000e}{subsection.7.2.2}% 59
\BOOKMARK [3][-]{subsubsection.7.2.2.5}{\376\377\0007\000.\0002\000.\0002\000.\0005\000\040\000s\000a\000t\000e\000l\000l\000i\000t\000e\000s}{subsection.7.2.2}% 60
\BOOKMARK [3][-]{subsubsection.7.2.2.6}{\376\377\0007\000.\0002\000.\0002\000.\0006\000\040\000s\000p\000e\000e\000d\000\137\000k\000m\000h}{subsection.7.2.2}% 61
\BOOKMARK [3][-]{subsubsection.7.2.2.7}{\376\377\0007\000.\0002\000.\0002\000.\0007\000\040\000s\000p\000e\000e\000d\000\137\000k\000n\000o\000t\000s}{subsection.7.2.2}% 62
\BOOKMARK [3][-]{subsubsection.7.2.2.8}{\376\377\0007\000.\0002\000.\0002\000.\0008\000\040\000v\000a\000l\000i\000d}{subsection.7.2.2}% 63
\BOOKMARK [1][-]{section.7.3}{\376\377\0007\000.\0003\000\040\000R\000e\000f\000e\000r\000e\000n\000c\000i\000a\000\040\000d\000e\000\040\000l\000a\000\040\000e\000s\000t\000r\000u\000c\000t\000u\000r\000a\000\040\000G\000p\000s\000D\000a\000t\000a\000P\000a\000c\000k\000e\000t\000\137\000t}{chapter.7}% 64
\BOOKMARK [2][-]{subsection.7.3.1}{\376\377\0007\000.\0003\000.\0001\000\040\000D\000e\000s\000c\000r\000i\000p\000c\000i\000\363\000n\000\040\000d\000e\000t\000a\000l\000l\000a\000d\000a}{section.7.3}% 65
\BOOKMARK [2][-]{subsection.7.3.2}{\376\377\0007\000.\0003\000.\0002\000\040\000D\000o\000c\000u\000m\000e\000n\000t\000a\000c\000i\000\363\000n\000\040\000d\000e\000\040\000c\000a\000m\000p\000o\000s}{section.7.3}% 66
\BOOKMARK [3][-]{subsubsection.7.3.2.1}{\376\377\0007\000.\0003\000.\0002\000.\0001\000\040\000a\000l\000t\000i\000t\000u\000d\000e}{subsection.7.3.2}% 67
\BOOKMARK [3][-]{subsubsection.7.3.2.2}{\376\377\0007\000.\0003\000.\0002\000.\0002\000\040\000c\000h\000e\000c\000k\000s\000u\000m}{subsection.7.3.2}% 68
\BOOKMARK [3][-]{subsubsection.7.3.2.3}{\376\377\0007\000.\0003\000.\0002\000.\0003\000\040\000g\000p\000s\000\137\000t\000i\000m\000e\000s\000t\000a\000m\000p}{subsection.7.3.2}% 69
\BOOKMARK [3][-]{subsubsection.7.3.2.4}{\376\377\0007\000.\0003\000.\0002\000.\0004\000\040\000g\000p\000s\000\137\000u\000p\000d\000a\000t\000e\000d}{subsection.7.3.2}% 70
\BOOKMARK [3][-]{subsubsection.7.3.2.5}{\376\377\0007\000.\0003\000.\0002\000.\0005\000\040\000l\000a\000t\000i\000t\000u\000d\000e}{subsection.7.3.2}% 71
\BOOKMARK [3][-]{subsubsection.7.3.2.6}{\376\377\0007\000.\0003\000.\0002\000.\0006\000\040\000l\000o\000n\000g\000i\000t\000u\000d\000e}{subsection.7.3.2}% 72
\BOOKMARK [1][-]{section.7.4}{\376\377\0007\000.\0004\000\040\000R\000e\000f\000e\000r\000e\000n\000c\000i\000a\000\040\000d\000e\000\040\000l\000a\000\040\000e\000s\000t\000r\000u\000c\000t\000u\000r\000a\000\040\000I\000m\000u\000D\000a\000t\000a\000P\000a\000c\000k\000e\000t\000\137\000t}{chapter.7}% 73
\BOOKMARK [2][-]{subsection.7.4.1}{\376\377\0007\000.\0004\000.\0001\000\040\000D\000e\000s\000c\000r\000i\000p\000c\000i\000\363\000n\000\040\000d\000e\000t\000a\000l\000l\000a\000d\000a}{section.7.4}% 74
\BOOKMARK [2][-]{subsection.7.4.2}{\376\377\0007\000.\0004\000.\0002\000\040\000D\000o\000c\000u\000m\000e\000n\000t\000a\000c\000i\000\363\000n\000\040\000d\000e\000\040\000c\000a\000m\000p\000o\000s}{section.7.4}% 75
\BOOKMARK [3][-]{subsubsection.7.4.2.1}{\376\377\0007\000.\0004\000.\0002\000.\0001\000\040\000a\000c\000c\000e\000l}{subsection.7.4.2}% 76
\BOOKMARK [3][-]{subsubsection.7.4.2.2}{\376\377\0007\000.\0004\000.\0002\000.\0002\000\040\000c\000h\000e\000c\000k\000s\000u\000m}{subsection.7.4.2}% 77
\BOOKMARK [3][-]{subsubsection.7.4.2.3}{\376\377\0007\000.\0004\000.\0002\000.\0003\000\040\000g\000y\000r\000o}{subsection.7.4.2}% 78
\BOOKMARK [3][-]{subsubsection.7.4.2.4}{\376\377\0007\000.\0004\000.\0002\000.\0004\000\040\000i\000m\000u\000\137\000t\000i\000m\000e\000s\000t\000a\000m\000p}{subsection.7.4.2}% 79
\BOOKMARK [3][-]{subsubsection.7.4.2.5}{\376\377\0007\000.\0004\000.\0002\000.\0005\000\040\000i\000m\000u\000\137\000u\000p\000d\000a\000t\000e\000d}{subsection.7.4.2}% 80
\BOOKMARK [3][-]{subsubsection.7.4.2.6}{\376\377\0007\000.\0004\000.\0002\000.\0006\000\040\000m\000a\000g}{subsection.7.4.2}% 81
\BOOKMARK [1][-]{section.7.5}{\376\377\0007\000.\0005\000\040\000R\000e\000f\000e\000r\000e\000n\000c\000i\000a\000\040\000d\000e\000\040\000l\000a\000\040\000e\000s\000t\000r\000u\000c\000t\000u\000r\000a\000\040\000S\000e\000n\000s\000o\000r\0001\0000\000D\000o\000F\000\137\000t}{chapter.7}% 82
\BOOKMARK [2][-]{subsection.7.5.1}{\376\377\0007\000.\0005\000.\0001\000\040\000D\000e\000s\000c\000r\000i\000p\000c\000i\000\363\000n\000\040\000d\000e\000t\000a\000l\000l\000a\000d\000a}{section.7.5}% 83
\BOOKMARK [2][-]{subsection.7.5.2}{\376\377\0007\000.\0005\000.\0002\000\040\000D\000o\000c\000u\000m\000e\000n\000t\000a\000c\000i\000\363\000n\000\040\000d\000e\000\040\000c\000a\000m\000p\000o\000s}{section.7.5}% 84
\BOOKMARK [3][-]{subsubsection.7.5.2.1}{\376\377\0007\000.\0005\000.\0002\000.\0001\000\040\000a\000c\000c\000e\000l\000\137\000x\000\137\000m\000s\0002}{subsection.7.5.2}% 85
\BOOKMARK [3][-]{subsubsection.7.5.2.2}{\376\377\0007\000.\0005\000.\0002\000.\0002\000\040\000a\000c\000c\000e\000l\000\137\000y\000\137\000m\000s\0002}{subsection.7.5.2}% 86
\BOOKMARK [3][-]{subsubsection.7.5.2.3}{\376\377\0007\000.\0005\000.\0002\000.\0003\000\040\000a\000c\000c\000e\000l\000\137\000z\000\137\000m\000s\0002}{subsection.7.5.2}% 87
\BOOKMARK [3][-]{subsubsection.7.5.2.4}{\376\377\0007\000.\0005\000.\0002\000.\0004\000\040\000a\000l\000t\000i\000t\000u\000d\000e\000\137\000m}{subsection.7.5.2}% 88
\BOOKMARK [3][-]{subsubsection.7.5.2.5}{\376\377\0007\000.\0005\000.\0002\000.\0005\000\040\000g\000y\000r\000o\000\137\000x\000\137\000d\000p\000s}{subsection.7.5.2}% 89
\BOOKMARK [3][-]{subsubsection.7.5.2.6}{\376\377\0007\000.\0005\000.\0002\000.\0006\000\040\000g\000y\000r\000o\000\137\000y\000\137\000d\000p\000s}{subsection.7.5.2}% 90
\BOOKMARK [3][-]{subsubsection.7.5.2.7}{\376\377\0007\000.\0005\000.\0002\000.\0007\000\040\000g\000y\000r\000o\000\137\000z\000\137\000d\000p\000s}{subsection.7.5.2}% 91
\BOOKMARK [3][-]{subsubsection.7.5.2.8}{\376\377\0007\000.\0005\000.\0002\000.\0008\000\040\000h\000e\000a\000d\000i\000n\000g\000\137\000d\000e\000g}{subsection.7.5.2}% 92
\BOOKMARK [3][-]{subsubsection.7.5.2.9}{\376\377\0007\000.\0005\000.\0002\000.\0009\000\040\000m\000a\000g\000\137\000x\000\137\000u\000T}{subsection.7.5.2}% 93
\BOOKMARK [3][-]{subsubsection.7.5.2.10}{\376\377\0007\000.\0005\000.\0002\000.\0001\0000\000\040\000m\000a\000g\000\137\000y\000\137\000u\000T}{subsection.7.5.2}% 94
\BOOKMARK [3][-]{subsubsection.7.5.2.11}{\376\377\0007\000.\0005\000.\0002\000.\0001\0001\000\040\000m\000a\000g\000\137\000z\000\137\000u\000T}{subsection.7.5.2}% 95
\BOOKMARK [3][-]{subsubsection.7.5.2.12}{\376\377\0007\000.\0005\000.\0002\000.\0001\0002\000\040\000p\000i\000t\000c\000h\000\137\000d\000e\000g}{subsection.7.5.2}% 96
\BOOKMARK [3][-]{subsubsection.7.5.2.13}{\376\377\0007\000.\0005\000.\0002\000.\0001\0003\000\040\000p\000r\000e\000s\000s\000u\000r\000e\000\137\000a\000t\000m}{subsection.7.5.2}% 97
\BOOKMARK [3][-]{subsubsection.7.5.2.14}{\376\377\0007\000.\0005\000.\0002\000.\0001\0004\000\040\000p\000r\000e\000s\000s\000u\000r\000e\000\137\000h\000p\000a}{subsection.7.5.2}% 98
\BOOKMARK [3][-]{subsubsection.7.5.2.15}{\376\377\0007\000.\0005\000.\0002\000.\0001\0005\000\040\000p\000r\000e\000s\000s\000u\000r\000e\000\137\000p\000a}{subsection.7.5.2}% 99
\BOOKMARK [3][-]{subsubsection.7.5.2.16}{\376\377\0007\000.\0005\000.\0002\000.\0001\0006\000\040\000r\000o\000l\000l\000\137\000d\000e\000g}{subsection.7.5.2}% 100
\BOOKMARK [3][-]{subsubsection.7.5.2.17}{\376\377\0007\000.\0005\000.\0002\000.\0001\0007\000\040\000t\000e\000m\000p\000e\000r\000a\000t\000u\000r\000e\000\137\000c}{subsection.7.5.2}% 101
\BOOKMARK [3][-]{subsubsection.7.5.2.18}{\376\377\0007\000.\0005\000.\0002\000.\0001\0008\000\040\000t\000i\000m\000e\000s\000t\000a\000m\000p\000\137\000m\000s}{subsection.7.5.2}% 102
\BOOKMARK [0][-]{chapter.8}{\376\377\0008\000\040\000D\000o\000c\000u\000m\000e\000n\000t\000a\000c\000i\000\363\000n\000\040\000d\000e\000\040\000a\000r\000c\000h\000i\000v\000o\000s}{}% 103
\BOOKMARK [1][-]{section.8.1}{\376\377\0008\000.\0001\000\040\000R\000e\000f\000e\000r\000e\000n\000c\000i\000a\000\040\000d\000e\000l\000\040\000a\000r\000c\000h\000i\000v\000o\000\040\000C\000o\000r\000e\000/\000I\000n\000c\000/\000d\000m\000a\000.\000h}{chapter.8}% 104
\BOOKMARK [2][-]{subsection.8.1.1}{\376\377\0008\000.\0001\000.\0001\000\040\000D\000e\000s\000c\000r\000i\000p\000c\000i\000\363\000n\000\040\000d\000e\000t\000a\000l\000l\000a\000d\000a}{section.8.1}% 105
\BOOKMARK [2][-]{subsection.8.1.2}{\376\377\0008\000.\0001\000.\0002\000\040\000D\000o\000c\000u\000m\000e\000n\000t\000a\000c\000i\000\363\000n\000\040\000d\000e\000\040\000f\000u\000n\000c\000i\000o\000n\000e\000s}{section.8.1}% 106
\BOOKMARK [3][-]{subsubsection.8.1.2.1}{\376\377\0008\000.\0001\000.\0002\000.\0001\000\040\000M\000X\000\137\000D\000M\000A\000\137\000I\000n\000i\000t\000\050\000\051}{subsection.8.1.2}% 107
\BOOKMARK [1][-]{section.8.2}{\376\377\0008\000.\0002\000\040\000d\000m\000a\000.\000h}{chapter.8}% 108
\BOOKMARK [1][-]{section.8.3}{\376\377\0008\000.\0003\000\040\000R\000e\000f\000e\000r\000e\000n\000c\000i\000a\000\040\000d\000e\000l\000\040\000a\000r\000c\000h\000i\000v\000o\000\040\000C\000o\000r\000e\000/\000I\000n\000c\000/\000f\000o\000r\000m\000a\000t\000t\000e\000r\000\137\000d\000a\000t\000a\000.\000h}{chapter.8}% 109
\BOOKMARK [2][-]{subsection.8.3.1}{\376\377\0008\000.\0003\000.\0001\000\040\000D\000e\000s\000c\000r\000i\000p\000c\000i\000\363\000n\000\040\000d\000e\000t\000a\000l\000l\000a\000d\000a}{section.8.3}% 110
\BOOKMARK [2][-]{subsection.8.3.2}{\376\377\0008\000.\0003\000.\0002\000\040\000D\000o\000c\000u\000m\000e\000n\000t\000a\000c\000i\000\363\000n\000\040\000d\000e\000\040\000f\000u\000n\000c\000i\000o\000n\000e\000s}{section.8.3}% 111
\BOOKMARK [3][-]{subsubsection.8.3.2.1}{\376\377\0008\000.\0003\000.\0002\000.\0001\000\040\000E\000n\000v\000D\000a\000t\000a\000\137\000t\000o\000\137\000j\000s\000o\000n\000\050\000\051}{subsection.8.3.2}% 112
\BOOKMARK [3][-]{subsubsection.8.3.2.2}{\376\377\0008\000.\0003\000.\0002\000.\0002\000\040\000E\000n\000v\000D\000a\000t\000a\000P\000a\000c\000k\000e\000t\000\137\000I\000n\000i\000t\000\050\000\051}{subsection.8.3.2}% 113
\BOOKMARK [3][-]{subsubsection.8.3.2.3}{\376\377\0008\000.\0003\000.\0002\000.\0003\000\040\000G\000p\000s\000D\000a\000t\000a\000\137\000t\000o\000\137\000j\000s\000o\000n\000\050\000\051}{subsection.8.3.2}% 114
\BOOKMARK [3][-]{subsubsection.8.3.2.4}{\376\377\0008\000.\0003\000.\0002\000.\0004\000\040\000G\000p\000s\000D\000a\000t\000a\000P\000a\000c\000k\000e\000t\000\137\000I\000n\000i\000t\000\050\000\051}{subsection.8.3.2}% 115
\BOOKMARK [3][-]{subsubsection.8.3.2.5}{\376\377\0008\000.\0003\000.\0002\000.\0005\000\040\000I\000m\000u\000D\000a\000t\000a\000\137\000t\000o\000\137\000j\000s\000o\000n\000\050\000\051}{subsection.8.3.2}% 116
\BOOKMARK [3][-]{subsubsection.8.3.2.6}{\376\377\0008\000.\0003\000.\0002\000.\0006\000\040\000I\000m\000u\000D\000a\000t\000a\000P\000a\000c\000k\000e\000t\000\137\000I\000n\000i\000t\000\050\000\051}{subsection.8.3.2}% 117
\BOOKMARK [1][-]{section.8.4}{\376\377\0008\000.\0004\000\040\000f\000o\000r\000m\000a\000t\000t\000e\000r\000\137\000d\000a\000t\000a\000.\000h}{chapter.8}% 118
\BOOKMARK [1][-]{section.8.5}{\376\377\0008\000.\0005\000\040\000R\000e\000f\000e\000r\000e\000n\000c\000i\000a\000\040\000d\000e\000l\000\040\000a\000r\000c\000h\000i\000v\000o\000\040\000C\000o\000r\000e\000/\000I\000n\000c\000/\000F\000r\000e\000e\000R\000T\000O\000S\000C\000o\000n\000f\000i\000g\000.\000h}{chapter.8}% 119
\BOOKMARK [2][-]{subsection.8.5.1}{\376\377\0008\000.\0005\000.\0001\000\040\000D\000o\000c\000u\000m\000e\000n\000t\000a\000c\000i\000\363\000n\000\040\000d\000e\000\040\000\253\000d\000e\000f\000i\000n\000e\000\273}{section.8.5}% 120
\BOOKMARK [3][-]{subsubsection.8.5.1.1}{\376\377\0008\000.\0005\000.\0001\000.\0001\000\040\000C\000M\000S\000I\000S\000\137\000d\000e\000v\000i\000c\000e\000\137\000h\000e\000a\000d\000e\000r}{subsection.8.5.1}% 121
\BOOKMARK [3][-]{subsubsection.8.5.1.2}{\376\377\0008\000.\0005\000.\0001\000.\0002\000\040\000c\000o\000n\000f\000i\000g\000A\000S\000S\000E\000R\000T}{subsection.8.5.1}% 122
\BOOKMARK [3][-]{subsubsection.8.5.1.3}{\376\377\0008\000.\0005\000.\0001\000.\0003\000\040\000c\000o\000n\000f\000i\000g\000C\000P\000U\000\137\000C\000L\000O\000C\000K\000\137\000H\000Z}{subsection.8.5.1}% 123
\BOOKMARK [3][-]{subsubsection.8.5.1.4}{\376\377\0008\000.\0005\000.\0001\000.\0004\000\040\000c\000o\000n\000f\000i\000g\000E\000N\000A\000B\000L\000E\000\137\000F\000P\000U}{subsection.8.5.1}% 124
\BOOKMARK [3][-]{subsubsection.8.5.1.5}{\376\377\0008\000.\0005\000.\0001\000.\0005\000\040\000c\000o\000n\000f\000i\000g\000E\000N\000A\000B\000L\000E\000\137\000M\000P\000U}{subsection.8.5.1}% 125
\BOOKMARK [3][-]{subsubsection.8.5.1.6}{\376\377\0008\000.\0005\000.\0001\000.\0006\000\040\000c\000o\000n\000f\000i\000g\000K\000E\000R\000N\000E\000L\000\137\000I\000N\000T\000E\000R\000R\000U\000P\000T\000\137\000P\000R\000I\000O\000R\000I\000T\000Y}{subsection.8.5.1}% 126
\BOOKMARK [3][-]{subsubsection.8.5.1.7}{\376\377\0008\000.\0005\000.\0001\000.\0007\000\040\000c\000o\000n\000f\000i\000g\000L\000I\000B\000R\000A\000R\000Y\000\137\000L\000O\000W\000E\000S\000T\000\137\000I\000N\000T\000E\000R\000R\000U\000P\000T\000\137\000P\000R\000I\000O\000R\000I\000T\000Y}{subsection.8.5.1}% 127
\BOOKMARK [3][-]{subsubsection.8.5.1.8}{\376\377\0008\000.\0005\000.\0001\000.\0008\000\040\000c\000o\000n\000f\000i\000g\000L\000I\000B\000R\000A\000R\000Y\000\137\000M\000A\000X\000\137\000S\000Y\000S\000C\000A\000L\000L\000\137\000I\000N\000T\000E\000R\000R\000U\000P\000T\000\137\000P\000R\000I\000O\000R\000I\000T\000Y}{subsection.8.5.1}% 128
\BOOKMARK [3][-]{subsubsection.8.5.1.9}{\376\377\0008\000.\0005\000.\0001\000.\0009\000\040\000c\000o\000n\000f\000i\000g\000M\000A\000X\000\137\000C\000O\000\137\000R\000O\000U\000T\000I\000N\000E\000\137\000P\000R\000I\000O\000R\000I\000T\000I\000E\000S}{subsection.8.5.1}% 129
\BOOKMARK [3][-]{subsubsection.8.5.1.10}{\376\377\0008\000.\0005\000.\0001\000.\0001\0000\000\040\000c\000o\000n\000f\000i\000g\000M\000A\000X\000\137\000P\000R\000I\000O\000R\000I\000T\000I\000E\000S}{subsection.8.5.1}% 130
\BOOKMARK [3][-]{subsubsection.8.5.1.11}{\376\377\0008\000.\0005\000.\0001\000.\0001\0001\000\040\000c\000o\000n\000f\000i\000g\000M\000A\000X\000\137\000S\000Y\000S\000C\000A\000L\000L\000\137\000I\000N\000T\000E\000R\000R\000U\000P\000T\000\137\000P\000R\000I\000O\000R\000I\000T\000Y}{subsection.8.5.1}% 131
\BOOKMARK [3][-]{subsubsection.8.5.1.12}{\376\377\0008\000.\0005\000.\0001\000.\0001\0002\000\040\000c\000o\000n\000f\000i\000g\000M\000A\000X\000\137\000T\000A\000S\000K\000\137\000N\000A\000M\000E\000\137\000L\000E\000N}{subsection.8.5.1}% 132
\BOOKMARK [3][-]{subsubsection.8.5.1.13}{\376\377\0008\000.\0005\000.\0001\000.\0001\0003\000\040\000c\000o\000n\000f\000i\000g\000M\000E\000S\000S\000A\000G\000E\000\137\000B\000U\000F\000F\000E\000R\000\137\000L\000E\000N\000G\000T\000H\000\137\000T\000Y\000P\000E}{subsection.8.5.1}% 133
\BOOKMARK [3][-]{subsubsection.8.5.1.14}{\376\377\0008\000.\0005\000.\0001\000.\0001\0004\000\040\000c\000o\000n\000f\000i\000g\000M\000I\000N\000I\000M\000A\000L\000\137\000S\000T\000A\000C\000K\000\137\000S\000I\000Z\000E}{subsection.8.5.1}% 134
\BOOKMARK [3][-]{subsubsection.8.5.1.15}{\376\377\0008\000.\0005\000.\0001\000.\0001\0005\000\040\000c\000o\000n\000f\000i\000g\000P\000R\000I\000O\000\137\000B\000I\000T\000S}{subsection.8.5.1}% 135
\BOOKMARK [3][-]{subsubsection.8.5.1.16}{\376\377\0008\000.\0005\000.\0001\000.\0001\0006\000\040\000c\000o\000n\000f\000i\000g\000Q\000U\000E\000U\000E\000\137\000R\000E\000G\000I\000S\000T\000R\000Y\000\137\000S\000I\000Z\000E}{subsection.8.5.1}% 136
\BOOKMARK [3][-]{subsubsection.8.5.1.17}{\376\377\0008\000.\0005\000.\0001\000.\0001\0007\000\040\000c\000o\000n\000f\000i\000g\000S\000U\000P\000P\000O\000R\000T\000\137\000D\000Y\000N\000A\000M\000I\000C\000\137\000A\000L\000L\000O\000C\000A\000T\000I\000O\000N}{subsection.8.5.1}% 137
\BOOKMARK [3][-]{subsubsection.8.5.1.18}{\376\377\0008\000.\0005\000.\0001\000.\0001\0008\000\040\000c\000o\000n\000f\000i\000g\000S\000U\000P\000P\000O\000R\000T\000\137\000S\000T\000A\000T\000I\000C\000\137\000A\000L\000L\000O\000C\000A\000T\000I\000O\000N}{subsection.8.5.1}% 138
\BOOKMARK [3][-]{subsubsection.8.5.1.19}{\376\377\0008\000.\0005\000.\0001\000.\0001\0009\000\040\000c\000o\000n\000f\000i\000g\000T\000I\000C\000K\000\137\000R\000A\000T\000E\000\137\000H\000Z}{subsection.8.5.1}% 139
\BOOKMARK [3][-]{subsubsection.8.5.1.20}{\376\377\0008\000.\0005\000.\0001\000.\0002\0000\000\040\000c\000o\000n\000f\000i\000g\000T\000I\000M\000E\000R\000\137\000Q\000U\000E\000U\000E\000\137\000L\000E\000N\000G\000T\000H}{subsection.8.5.1}% 140
\BOOKMARK [3][-]{subsubsection.8.5.1.21}{\376\377\0008\000.\0005\000.\0001\000.\0002\0001\000\040\000c\000o\000n\000f\000i\000g\000T\000I\000M\000E\000R\000\137\000T\000A\000S\000K\000\137\000P\000R\000I\000O\000R\000I\000T\000Y}{subsection.8.5.1}% 141
\BOOKMARK [3][-]{subsubsection.8.5.1.22}{\376\377\0008\000.\0005\000.\0001\000.\0002\0002\000\040\000c\000o\000n\000f\000i\000g\000T\000I\000M\000E\000R\000\137\000T\000A\000S\000K\000\137\000S\000T\000A\000C\000K\000\137\000D\000E\000P\000T\000H}{subsection.8.5.1}% 142
\BOOKMARK [3][-]{subsubsection.8.5.1.23}{\376\377\0008\000.\0005\000.\0001\000.\0002\0003\000\040\000c\000o\000n\000f\000i\000g\000T\000O\000T\000A\000L\000\137\000H\000E\000A\000P\000\137\000S\000I\000Z\000E}{subsection.8.5.1}% 143
\BOOKMARK [3][-]{subsubsection.8.5.1.24}{\376\377\0008\000.\0005\000.\0001\000.\0002\0004\000\040\000c\000o\000n\000f\000i\000g\000U\000S\000E\000\137\0001\0006\000\137\000B\000I\000T\000\137\000T\000I\000C\000K\000S}{subsection.8.5.1}% 144
\BOOKMARK [3][-]{subsubsection.8.5.1.25}{\376\377\0008\000.\0005\000.\0001\000.\0002\0005\000\040\000c\000o\000n\000f\000i\000g\000U\000S\000E\000\137\000C\000O\000\137\000R\000O\000U\000T\000I\000N\000E\000S}{subsection.8.5.1}% 145
\BOOKMARK [3][-]{subsubsection.8.5.1.26}{\376\377\0008\000.\0005\000.\0001\000.\0002\0006\000\040\000c\000o\000n\000f\000i\000g\000U\000S\000E\000\137\000C\000O\000U\000N\000T\000I\000N\000G\000\137\000S\000E\000M\000A\000P\000H\000O\000R\000E\000S}{subsection.8.5.1}% 146
\BOOKMARK [3][-]{subsubsection.8.5.1.27}{\376\377\0008\000.\0005\000.\0001\000.\0002\0007\000\040\000c\000o\000n\000f\000i\000g\000U\000S\000E\000\137\000I\000D\000L\000E\000\137\000H\000O\000O\000K}{subsection.8.5.1}% 147
\BOOKMARK [3][-]{subsubsection.8.5.1.28}{\376\377\0008\000.\0005\000.\0001\000.\0002\0008\000\040\000c\000o\000n\000f\000i\000g\000U\000S\000E\000\137\000M\000U\000T\000E\000X\000E\000S}{subsection.8.5.1}% 148
\BOOKMARK [3][-]{subsubsection.8.5.1.29}{\376\377\0008\000.\0005\000.\0001\000.\0002\0009\000\040\000c\000o\000n\000f\000i\000g\000U\000S\000E\000\137\000N\000E\000W\000L\000I\000B\000\137\000R\000E\000E\000N\000T\000R\000A\000N\000T}{subsection.8.5.1}% 149
\BOOKMARK [3][-]{subsubsection.8.5.1.30}{\376\377\0008\000.\0005\000.\0001\000.\0003\0000\000\040\000c\000o\000n\000f\000i\000g\000U\000S\000E\000\137\000O\000S\0002\000\137\000E\000V\000E\000N\000T\000F\000L\000A\000G\000S\000\137\000F\000R\000O\000M\000\137\000I\000S\000R}{subsection.8.5.1}% 150
\BOOKMARK [3][-]{subsubsection.8.5.1.31}{\376\377\0008\000.\0005\000.\0001\000.\0003\0001\000\040\000c\000o\000n\000f\000i\000g\000U\000S\000E\000\137\000O\000S\0002\000\137\000M\000U\000T\000E\000X}{subsection.8.5.1}% 151
\BOOKMARK [3][-]{subsubsection.8.5.1.32}{\376\377\0008\000.\0005\000.\0001\000.\0003\0002\000\040\000c\000o\000n\000f\000i\000g\000U\000S\000E\000\137\000O\000S\0002\000\137\000T\000H\000R\000E\000A\000D\000\137\000E\000N\000U\000M\000E\000R\000A\000T\000E}{subsection.8.5.1}% 152
\BOOKMARK [3][-]{subsubsection.8.5.1.33}{\376\377\0008\000.\0005\000.\0001\000.\0003\0003\000\040\000c\000o\000n\000f\000i\000g\000U\000S\000E\000\137\000O\000S\0002\000\137\000T\000H\000R\000E\000A\000D\000\137\000F\000L\000A\000G\000S}{subsection.8.5.1}% 153
\BOOKMARK [3][-]{subsubsection.8.5.1.34}{\376\377\0008\000.\0005\000.\0001\000.\0003\0004\000\040\000c\000o\000n\000f\000i\000g\000U\000S\000E\000\137\000O\000S\0002\000\137\000T\000H\000R\000E\000A\000D\000\137\000S\000U\000S\000P\000E\000N\000D\000\137\000R\000E\000S\000U\000M\000E}{subsection.8.5.1}% 154
\BOOKMARK [3][-]{subsubsection.8.5.1.35}{\376\377\0008\000.\0005\000.\0001\000.\0003\0005\000\040\000c\000o\000n\000f\000i\000g\000U\000S\000E\000\137\000O\000S\0002\000\137\000T\000I\000M\000E\000R}{subsection.8.5.1}% 155
\BOOKMARK [3][-]{subsubsection.8.5.1.36}{\376\377\0008\000.\0005\000.\0001\000.\0003\0006\000\040\000c\000o\000n\000f\000i\000g\000U\000S\000E\000\137\000P\000O\000R\000T\000\137\000O\000P\000T\000I\000M\000I\000S\000E\000D\000\137\000T\000A\000S\000K\000\137\000S\000E\000L\000E\000C\000T\000I\000O\000N}{subsection.8.5.1}% 156
\BOOKMARK [3][-]{subsubsection.8.5.1.37}{\376\377\0008\000.\0005\000.\0001\000.\0003\0007\000\040\000c\000o\000n\000f\000i\000g\000U\000S\000E\000\137\000P\000R\000E\000E\000M\000P\000T\000I\000O\000N}{subsection.8.5.1}% 157
\BOOKMARK [3][-]{subsubsection.8.5.1.38}{\376\377\0008\000.\0005\000.\0001\000.\0003\0008\000\040\000c\000o\000n\000f\000i\000g\000U\000S\000E\000\137\000R\000E\000C\000U\000R\000S\000I\000V\000E\000\137\000M\000U\000T\000E\000X\000E\000S}{subsection.8.5.1}% 158
\BOOKMARK [3][-]{subsubsection.8.5.1.39}{\376\377\0008\000.\0005\000.\0001\000.\0003\0009\000\040\000c\000o\000n\000f\000i\000g\000U\000S\000E\000\137\000T\000I\000C\000K\000\137\000H\000O\000O\000K}{subsection.8.5.1}% 159
\BOOKMARK [3][-]{subsubsection.8.5.1.40}{\376\377\0008\000.\0005\000.\0001\000.\0004\0000\000\040\000c\000o\000n\000f\000i\000g\000U\000S\000E\000\137\000T\000I\000M\000E\000R\000S}{subsection.8.5.1}% 160
\BOOKMARK [3][-]{subsubsection.8.5.1.41}{\376\377\0008\000.\0005\000.\0001\000.\0004\0001\000\040\000c\000o\000n\000f\000i\000g\000U\000S\000E\000\137\000T\000R\000A\000C\000E\000\137\000F\000A\000C\000I\000L\000I\000T\000Y}{subsection.8.5.1}% 161
\BOOKMARK [3][-]{subsubsection.8.5.1.42}{\376\377\0008\000.\0005\000.\0001\000.\0004\0002\000\040\000I\000N\000C\000L\000U\000D\000E\000\137\000e\000T\000a\000s\000k\000G\000e\000t\000S\000t\000a\000t\000e}{subsection.8.5.1}% 162
\BOOKMARK [3][-]{subsubsection.8.5.1.43}{\376\377\0008\000.\0005\000.\0001\000.\0004\0003\000\040\000I\000N\000C\000L\000U\000D\000E\000\137\000u\000x\000T\000a\000s\000k\000G\000e\000t\000S\000t\000a\000c\000k\000H\000i\000g\000h\000W\000a\000t\000e\000r\000M\000a\000r\000k}{subsection.8.5.1}% 163
\BOOKMARK [3][-]{subsubsection.8.5.1.44}{\376\377\0008\000.\0005\000.\0001\000.\0004\0004\000\040\000I\000N\000C\000L\000U\000D\000E\000\137\000u\000x\000T\000a\000s\000k\000P\000r\000i\000o\000r\000i\000t\000y\000G\000e\000t}{subsection.8.5.1}% 164
\BOOKMARK [3][-]{subsubsection.8.5.1.45}{\376\377\0008\000.\0005\000.\0001\000.\0004\0005\000\040\000I\000N\000C\000L\000U\000D\000E\000\137\000v\000T\000a\000s\000k\000C\000l\000e\000a\000n\000U\000p\000R\000e\000s\000o\000u\000r\000c\000e\000s}{subsection.8.5.1}% 165
\BOOKMARK [3][-]{subsubsection.8.5.1.46}{\376\377\0008\000.\0005\000.\0001\000.\0004\0006\000\040\000I\000N\000C\000L\000U\000D\000E\000\137\000v\000T\000a\000s\000k\000D\000e\000l\000a\000y}{subsection.8.5.1}% 166
\BOOKMARK [3][-]{subsubsection.8.5.1.47}{\376\377\0008\000.\0005\000.\0001\000.\0004\0007\000\040\000I\000N\000C\000L\000U\000D\000E\000\137\000v\000T\000a\000s\000k\000D\000e\000l\000a\000y\000U\000n\000t\000i\000l}{subsection.8.5.1}% 167
\BOOKMARK [3][-]{subsubsection.8.5.1.48}{\376\377\0008\000.\0005\000.\0001\000.\0004\0008\000\040\000I\000N\000C\000L\000U\000D\000E\000\137\000v\000T\000a\000s\000k\000D\000e\000l\000e\000t\000e}{subsection.8.5.1}% 168
\BOOKMARK [3][-]{subsubsection.8.5.1.49}{\376\377\0008\000.\0005\000.\0001\000.\0004\0009\000\040\000I\000N\000C\000L\000U\000D\000E\000\137\000v\000T\000a\000s\000k\000P\000r\000i\000o\000r\000i\000t\000y\000S\000e\000t}{subsection.8.5.1}% 169
\BOOKMARK [3][-]{subsubsection.8.5.1.50}{\376\377\0008\000.\0005\000.\0001\000.\0005\0000\000\040\000I\000N\000C\000L\000U\000D\000E\000\137\000v\000T\000a\000s\000k\000S\000u\000s\000p\000e\000n\000d}{subsection.8.5.1}% 170
\BOOKMARK [3][-]{subsubsection.8.5.1.51}{\376\377\0008\000.\0005\000.\0001\000.\0005\0001\000\040\000I\000N\000C\000L\000U\000D\000E\000\137\000x\000Q\000u\000e\000u\000e\000G\000e\000t\000M\000u\000t\000e\000x\000H\000o\000l\000d\000e\000r}{subsection.8.5.1}% 171
\BOOKMARK [3][-]{subsubsection.8.5.1.52}{\376\377\0008\000.\0005\000.\0001\000.\0005\0002\000\040\000I\000N\000C\000L\000U\000D\000E\000\137\000x\000T\000a\000s\000k\000G\000e\000t\000C\000u\000r\000r\000e\000n\000t\000T\000a\000s\000k\000H\000a\000n\000d\000l\000e}{subsection.8.5.1}% 172
\BOOKMARK [3][-]{subsubsection.8.5.1.53}{\376\377\0008\000.\0005\000.\0001\000.\0005\0003\000\040\000I\000N\000C\000L\000U\000D\000E\000\137\000x\000T\000a\000s\000k\000G\000e\000t\000S\000c\000h\000e\000d\000u\000l\000e\000r\000S\000t\000a\000t\000e}{subsection.8.5.1}% 173
\BOOKMARK [3][-]{subsubsection.8.5.1.54}{\376\377\0008\000.\0005\000.\0001\000.\0005\0004\000\040\000I\000N\000C\000L\000U\000D\000E\000\137\000x\000T\000i\000m\000e\000r\000P\000e\000n\000d\000F\000u\000n\000c\000t\000i\000o\000n\000C\000a\000l\000l}{subsection.8.5.1}% 174
\BOOKMARK [3][-]{subsubsection.8.5.1.55}{\376\377\0008\000.\0005\000.\0001\000.\0005\0005\000\040\000U\000S\000E\000\137\000C\000U\000S\000T\000O\000M\000\137\000S\000Y\000S\000T\000I\000C\000K\000\137\000H\000A\000N\000D\000L\000E\000R\000\137\000I\000M\000P\000L\000E\000M\000E\000N\000T\000A\000T\000I\000O\000N}{subsection.8.5.1}% 175
\BOOKMARK [3][-]{subsubsection.8.5.1.56}{\376\377\0008\000.\0005\000.\0001\000.\0005\0006\000\040\000U\000S\000E\000\137\000F\000r\000e\000e\000R\000T\000O\000S\000\137\000H\000E\000A\000P\000\137\0004}{subsection.8.5.1}% 176
\BOOKMARK [3][-]{subsubsection.8.5.1.57}{\376\377\0008\000.\0005\000.\0001\000.\0005\0007\000\040\000v\000P\000o\000r\000t\000S\000V\000C\000H\000a\000n\000d\000l\000e\000r}{subsection.8.5.1}% 177
\BOOKMARK [3][-]{subsubsection.8.5.1.58}{\376\377\0008\000.\0005\000.\0001\000.\0005\0008\000\040\000x\000P\000o\000r\000t\000P\000e\000n\000d\000S\000V\000H\000a\000n\000d\000l\000e\000r}{subsection.8.5.1}% 178
\BOOKMARK [1][-]{section.8.6}{\376\377\0008\000.\0006\000\040\000F\000r\000e\000e\000R\000T\000O\000S\000C\000o\000n\000f\000i\000g\000.\000h}{chapter.8}% 179
\BOOKMARK [1][-]{section.8.7}{\376\377\0008\000.\0007\000\040\000R\000e\000f\000e\000r\000e\000n\000c\000i\000a\000\040\000d\000e\000l\000\040\000a\000r\000c\000h\000i\000v\000o\000\040\000C\000o\000r\000e\000/\000I\000n\000c\000/\000g\000p\000i\000o\000.\000h}{chapter.8}% 180
\BOOKMARK [2][-]{subsection.8.7.1}{\376\377\0008\000.\0007\000.\0001\000\040\000D\000e\000s\000c\000r\000i\000p\000c\000i\000\363\000n\000\040\000d\000e\000t\000a\000l\000l\000a\000d\000a}{section.8.7}% 181
\BOOKMARK [2][-]{subsection.8.7.2}{\376\377\0008\000.\0007\000.\0002\000\040\000D\000o\000c\000u\000m\000e\000n\000t\000a\000c\000i\000\363\000n\000\040\000d\000e\000\040\000f\000u\000n\000c\000i\000o\000n\000e\000s}{section.8.7}% 182
\BOOKMARK [3][-]{subsubsection.8.7.2.1}{\376\377\0008\000.\0007\000.\0002\000.\0001\000\040\000M\000X\000\137\000G\000P\000I\000O\000\137\000I\000n\000i\000t\000\050\000\051}{subsection.8.7.2}% 183
\BOOKMARK [1][-]{section.8.8}{\376\377\0008\000.\0008\000\040\000g\000p\000i\000o\000.\000h}{chapter.8}% 184
\BOOKMARK [1][-]{section.8.9}{\376\377\0008\000.\0009\000\040\000R\000e\000f\000e\000r\000e\000n\000c\000i\000a\000\040\000d\000e\000l\000\040\000a\000r\000c\000h\000i\000v\000o\000\040\000C\000o\000r\000e\000/\000I\000n\000c\000/\000g\000p\000s\000.\000h}{chapter.8}% 185
\BOOKMARK [2][-]{subsection.8.9.1}{\376\377\0008\000.\0009\000.\0001\000\040\000D\000e\000s\000c\000r\000i\000p\000c\000i\000\363\000n\000\040\000d\000e\000t\000a\000l\000l\000a\000d\000a}{section.8.9}% 186
\BOOKMARK [2][-]{subsection.8.9.2}{\376\377\0008\000.\0009\000.\0002\000\040\000D\000o\000c\000u\000m\000e\000n\000t\000a\000c\000i\000\363\000n\000\040\000d\000e\000\040\000\253\000d\000e\000f\000i\000n\000e\000\273}{section.8.9}% 187
\BOOKMARK [3][-]{subsubsection.8.9.2.1}{\376\377\0008\000.\0009\000.\0002\000.\0001\000\040\000G\000P\000S\000\137\000R\000X\000\137\000B\000U\000F\000F\000E\000R\000\137\000S\000I\000Z\000E}{subsection.8.9.2}% 188
\BOOKMARK [3][-]{subsubsection.8.9.2.2}{\376\377\0008\000.\0009\000.\0002\000.\0002\000\040\000G\000P\000S\000\137\000S\000E\000N\000T\000E\000N\000C\000E\000\137\000M\000A\000X\000\137\000L\000E\000N\000G\000T\000H}{subsection.8.9.2}% 189
\BOOKMARK [2][-]{subsection.8.9.3}{\376\377\0008\000.\0009\000.\0003\000\040\000D\000o\000c\000u\000m\000e\000n\000t\000a\000c\000i\000\363\000n\000\040\000d\000e\000\040\000e\000n\000u\000m\000e\000r\000a\000c\000i\000o\000n\000e\000s}{section.8.9}% 190
\BOOKMARK [3][-]{subsubsection.8.9.3.1}{\376\377\0008\000.\0009\000.\0003\000.\0001\000\040\000g\000p\000s\000\137\000f\000i\000x\000\137\000t}{subsection.8.9.3}% 191
\BOOKMARK [3][-]{subsubsection.8.9.3.2}{\376\377\0008\000.\0009\000.\0003\000.\0002\000\040\000g\000p\000s\000\137\000s\000t\000a\000t\000u\000s\000\137\000t}{subsection.8.9.3}% 192
\BOOKMARK [2][-]{subsection.8.9.4}{\376\377\0008\000.\0009\000.\0004\000\040\000D\000o\000c\000u\000m\000e\000n\000t\000a\000c\000i\000\363\000n\000\040\000d\000e\000\040\000f\000u\000n\000c\000i\000o\000n\000e\000s}{section.8.9}% 193
\BOOKMARK [3][-]{subsubsection.8.9.4.1}{\376\377\0008\000.\0009\000.\0004\000.\0001\000\040\000G\000P\000S\000\137\000D\000a\000t\000a\000V\000a\000l\000i\000d\000\050\000\051}{subsection.8.9.4}% 194
\BOOKMARK [3][-]{subsubsection.8.9.4.2}{\376\377\0008\000.\0009\000.\0004\000.\0002\000\040\000G\000P\000S\000\137\000G\000e\000t\000D\000a\000t\000a\000\050\000\051}{subsection.8.9.4}% 195
\BOOKMARK [3][-]{subsubsection.8.9.4.3}{\376\377\0008\000.\0009\000.\0004\000.\0003\000\040\000G\000P\000S\000\137\000I\000n\000i\000t\000\050\000\051}{subsection.8.9.4}% 196
\BOOKMARK [3][-]{subsubsection.8.9.4.4}{\376\377\0008\000.\0009\000.\0004\000.\0004\000\040\000G\000P\000S\000\137\000P\000r\000o\000c\000e\000s\000s\000\050\000\051}{subsection.8.9.4}% 197
\BOOKMARK [3][-]{subsubsection.8.9.4.5}{\376\377\0008\000.\0009\000.\0004\000.\0005\000\040\000G\000P\000S\000\137\000R\000e\000s\000t\000a\000r\000t\000R\000e\000c\000e\000i\000v\000e\000\050\000\051}{subsection.8.9.4}% 198
\BOOKMARK [3][-]{subsubsection.8.9.4.6}{\376\377\0008\000.\0009\000.\0004\000.\0006\000\040\000G\000P\000S\000\137\000U\000A\000R\000T\000C\000a\000l\000l\000b\000a\000c\000k\000\050\000\051}{subsection.8.9.4}% 199
\BOOKMARK [1][-]{section.8.10}{\376\377\0008\000.\0001\0000\000\040\000g\000p\000s\000.\000h}{chapter.8}% 200
\BOOKMARK [1][-]{section.8.11}{\376\377\0008\000.\0001\0001\000\040\000R\000e\000f\000e\000r\000e\000n\000c\000i\000a\000\040\000d\000e\000l\000\040\000a\000r\000c\000h\000i\000v\000o\000\040\000C\000o\000r\000e\000/\000I\000n\000c\000/\000i\0002\000c\000.\000h}{chapter.8}% 201
\BOOKMARK [2][-]{subsection.8.11.1}{\376\377\0008\000.\0001\0001\000.\0001\000\040\000D\000e\000s\000c\000r\000i\000p\000c\000i\000\363\000n\000\040\000d\000e\000t\000a\000l\000l\000a\000d\000a}{section.8.11}% 202
\BOOKMARK [2][-]{subsection.8.11.2}{\376\377\0008\000.\0001\0001\000.\0002\000\040\000D\000o\000c\000u\000m\000e\000n\000t\000a\000c\000i\000\363\000n\000\040\000d\000e\000\040\000f\000u\000n\000c\000i\000o\000n\000e\000s}{section.8.11}% 203
\BOOKMARK [3][-]{subsubsection.8.11.2.1}{\376\377\0008\000.\0001\0001\000.\0002\000.\0001\000\040\000M\000X\000\137\000I\0002\000C\0001\000\137\000I\000n\000i\000t\000\050\000\051}{subsection.8.11.2}% 204
\BOOKMARK [2][-]{subsection.8.11.3}{\376\377\0008\000.\0001\0001\000.\0003\000\040\000D\000o\000c\000u\000m\000e\000n\000t\000a\000c\000i\000\363\000n\000\040\000d\000e\000\040\000v\000a\000r\000i\000a\000b\000l\000e\000s}{section.8.11}% 205
\BOOKMARK [3][-]{subsubsection.8.11.3.1}{\376\377\0008\000.\0001\0001\000.\0003\000.\0001\000\040\000h\000i\0002\000c\0001}{subsection.8.11.3}% 206
\BOOKMARK [1][-]{section.8.12}{\376\377\0008\000.\0001\0002\000\040\000i\0002\000c\000.\000h}{chapter.8}% 207
\BOOKMARK [1][-]{section.8.13}{\376\377\0008\000.\0001\0003\000\040\000R\000e\000f\000e\000r\000e\000n\000c\000i\000a\000\040\000d\000e\000l\000\040\000a\000r\000c\000h\000i\000v\000o\000\040\000C\000o\000r\000e\000/\000I\000n\000c\000/\000m\000a\000i\000n\000.\000h}{chapter.8}% 208
\BOOKMARK [2][-]{subsection.8.13.1}{\376\377\0008\000.\0001\0003\000.\0001\000\040\000D\000e\000s\000c\000r\000i\000p\000c\000i\000\363\000n\000\040\000d\000e\000t\000a\000l\000l\000a\000d\000a}{section.8.13}% 209
\BOOKMARK [2][-]{subsection.8.13.2}{\376\377\0008\000.\0001\0003\000.\0002\000\040\000D\000o\000c\000u\000m\000e\000n\000t\000a\000c\000i\000\363\000n\000\040\000d\000e\000\040\000\253\000d\000e\000f\000i\000n\000e\000\273}{section.8.13}% 210
\BOOKMARK [3][-]{subsubsection.8.13.2.1}{\376\377\0008\000.\0001\0003\000.\0002\000.\0001\000\040\000A\000u\000d\000i\000o\000\137\000R\000S\000T\000\137\000G\000P\000I\000O\000\137\000P\000o\000r\000t}{subsection.8.13.2}% 211
\BOOKMARK [3][-]{subsubsection.8.13.2.2}{\376\377\0008\000.\0001\0003\000.\0002\000.\0002\000\040\000A\000u\000d\000i\000o\000\137\000R\000S\000T\000\137\000P\000i\000n}{subsection.8.13.2}% 212
\BOOKMARK [3][-]{subsubsection.8.13.2.3}{\376\377\0008\000.\0001\0003\000.\0002\000.\0003\000\040\000B\0001\000\137\000G\000P\000I\000O\000\137\000P\000o\000r\000t}{subsection.8.13.2}% 213
\BOOKMARK [3][-]{subsubsection.8.13.2.4}{\376\377\0008\000.\0001\0003\000.\0002\000.\0004\000\040\000B\0001\000\137\000P\000i\000n}{subsection.8.13.2}% 214
\BOOKMARK [3][-]{subsubsection.8.13.2.5}{\376\377\0008\000.\0001\0003\000.\0002\000.\0005\000\040\000B\000O\000O\000T\0001\000\137\000G\000P\000I\000O\000\137\000P\000o\000r\000t}{subsection.8.13.2}% 215
\BOOKMARK [3][-]{subsubsection.8.13.2.6}{\376\377\0008\000.\0001\0003\000.\0002\000.\0006\000\040\000B\000O\000O\000T\0001\000\137\000P\000i\000n}{subsection.8.13.2}% 216
\BOOKMARK [3][-]{subsubsection.8.13.2.7}{\376\377\0008\000.\0001\0003\000.\0002\000.\0007\000\040\000C\000L\000K\000\137\000I\000N\000\137\000G\000P\000I\000O\000\137\000P\000o\000r\000t}{subsection.8.13.2}% 217
\BOOKMARK [3][-]{subsubsection.8.13.2.8}{\376\377\0008\000.\0001\0003\000.\0002\000.\0008\000\040\000C\000L\000K\000\137\000I\000N\000\137\000P\000i\000n}{subsection.8.13.2}% 218
\BOOKMARK [3][-]{subsubsection.8.13.2.9}{\376\377\0008\000.\0001\0003\000.\0002\000.\0009\000\040\000C\000S\000\137\000I\0002\000C\000\137\000S\000P\000I\000\137\000G\000P\000I\000O\000\137\000P\000o\000r\000t}{subsection.8.13.2}% 219
\BOOKMARK [3][-]{subsubsection.8.13.2.10}{\376\377\0008\000.\0001\0003\000.\0002\000.\0001\0000\000\040\000C\000S\000\137\000I\0002\000C\000\137\000S\000P\000I\000\137\000P\000i\000n}{subsection.8.13.2}% 220
\BOOKMARK [3][-]{subsubsection.8.13.2.11}{\376\377\0008\000.\0001\0003\000.\0002\000.\0001\0001\000\040\000I\0002\000C\0001\000\137\000S\000C\000L\000\137\000I\000M\000U\000\137\000G\000P\000I\000O\000\137\000P\000o\000r\000t}{subsection.8.13.2}% 221
\BOOKMARK [3][-]{subsubsection.8.13.2.12}{\376\377\0008\000.\0001\0003\000.\0002\000.\0001\0002\000\040\000I\0002\000C\0001\000\137\000S\000C\000L\000\137\000I\000M\000U\000\137\000P\000i\000n}{subsection.8.13.2}% 222
\BOOKMARK [3][-]{subsubsection.8.13.2.13}{\376\377\0008\000.\0001\0003\000.\0002\000.\0001\0003\000\040\000I\0002\000C\0001\000\137\000S\000D\000A\000\137\000I\000M\000U\000\137\000G\000P\000I\000O\000\137\000P\000o\000r\000t}{subsection.8.13.2}% 223
\BOOKMARK [3][-]{subsubsection.8.13.2.14}{\376\377\0008\000.\0001\0003\000.\0002\000.\0001\0004\000\040\000I\0002\000C\0001\000\137\000S\000D\000A\000\137\000I\000M\000U\000\137\000P\000i\000n}{subsection.8.13.2}% 224
\BOOKMARK [3][-]{subsubsection.8.13.2.15}{\376\377\0008\000.\0001\0003\000.\0002\000.\0001\0005\000\040\000I\0002\000S\0003\000\137\000M\000C\000K\000\137\000G\000P\000I\000O\000\137\000P\000o\000r\000t}{subsection.8.13.2}% 225
\BOOKMARK [3][-]{subsubsection.8.13.2.16}{\376\377\0008\000.\0001\0003\000.\0002\000.\0001\0006\000\040\000I\0002\000S\0003\000\137\000M\000C\000K\000\137\000P\000i\000n}{subsection.8.13.2}% 226
\BOOKMARK [3][-]{subsubsection.8.13.2.17}{\376\377\0008\000.\0001\0003\000.\0002\000.\0001\0007\000\040\000I\0002\000S\0003\000\137\000S\000C\000K\000\137\000G\000P\000I\000O\000\137\000P\000o\000r\000t}{subsection.8.13.2}% 227
\BOOKMARK [3][-]{subsubsection.8.13.2.18}{\376\377\0008\000.\0001\0003\000.\0002\000.\0001\0008\000\040\000I\0002\000S\0003\000\137\000S\000C\000K\000\137\000P\000i\000n}{subsection.8.13.2}% 228
\BOOKMARK [3][-]{subsubsection.8.13.2.19}{\376\377\0008\000.\0001\0003\000.\0002\000.\0001\0009\000\040\000I\0002\000S\0003\000\137\000S\000D\000\137\000G\000P\000I\000O\000\137\000P\000o\000r\000t}{subsection.8.13.2}% 229
\BOOKMARK [3][-]{subsubsection.8.13.2.20}{\376\377\0008\000.\0001\0003\000.\0002\000.\0002\0000\000\040\000I\0002\000S\0003\000\137\000S\000D\000\137\000P\000i\000n}{subsection.8.13.2}% 230
\BOOKMARK [3][-]{subsubsection.8.13.2.21}{\376\377\0008\000.\0001\0003\000.\0002\000.\0002\0001\000\040\000I\0002\000S\0003\000\137\000W\000S\000\137\000G\000P\000I\000O\000\137\000P\000o\000r\000t}{subsection.8.13.2}% 231
\BOOKMARK [3][-]{subsubsection.8.13.2.22}{\376\377\0008\000.\0001\0003\000.\0002\000.\0002\0002\000\040\000I\0002\000S\0003\000\137\000W\000S\000\137\000P\000i\000n}{subsection.8.13.2}% 232
\BOOKMARK [3][-]{subsubsection.8.13.2.23}{\376\377\0008\000.\0001\0003\000.\0002\000.\0002\0003\000\040\000L\000D\0003\000\137\000G\000P\000I\000O\000\137\000P\000o\000r\000t}{subsection.8.13.2}% 233
\BOOKMARK [3][-]{subsubsection.8.13.2.24}{\376\377\0008\000.\0001\0003\000.\0002\000.\0002\0004\000\040\000L\000D\0003\000\137\000P\000i\000n}{subsection.8.13.2}% 234
\BOOKMARK [3][-]{subsubsection.8.13.2.25}{\376\377\0008\000.\0001\0003\000.\0002\000.\0002\0005\000\040\000L\000D\0004\000\137\000G\000P\000I\000O\000\137\000P\000o\000r\000t}{subsection.8.13.2}% 235
\BOOKMARK [3][-]{subsubsection.8.13.2.26}{\376\377\0008\000.\0001\0003\000.\0002\000.\0002\0006\000\040\000L\000D\0004\000\137\000P\000i\000n}{subsection.8.13.2}% 236
\BOOKMARK [3][-]{subsubsection.8.13.2.27}{\376\377\0008\000.\0001\0003\000.\0002\000.\0002\0007\000\040\000L\000D\0005\000\137\000G\000P\000I\000O\000\137\000P\000o\000r\000t}{subsection.8.13.2}% 237
\BOOKMARK [3][-]{subsubsection.8.13.2.28}{\376\377\0008\000.\0001\0003\000.\0002\000.\0002\0008\000\040\000L\000D\0005\000\137\000P\000i\000n}{subsection.8.13.2}% 238
\BOOKMARK [3][-]{subsubsection.8.13.2.29}{\376\377\0008\000.\0001\0003\000.\0002\000.\0002\0009\000\040\000L\000D\0006\000\137\000G\000P\000I\000O\000\137\000P\000o\000r\000t}{subsection.8.13.2}% 239
\BOOKMARK [3][-]{subsubsection.8.13.2.30}{\376\377\0008\000.\0001\0003\000.\0002\000.\0003\0000\000\040\000L\000D\0006\000\137\000P\000i\000n}{subsection.8.13.2}% 240
\BOOKMARK [3][-]{subsubsection.8.13.2.31}{\376\377\0008\000.\0001\0003\000.\0002\000.\0003\0001\000\040\000M\000E\000M\000S\000\137\000I\000N\000T\0002\000\137\000G\000P\000I\000O\000\137\000P\000o\000r\000t}{subsection.8.13.2}% 241
\BOOKMARK [3][-]{subsubsection.8.13.2.32}{\376\377\0008\000.\0001\0003\000.\0002\000.\0003\0002\000\040\000M\000E\000M\000S\000\137\000I\000N\000T\0002\000\137\000P\000i\000n}{subsection.8.13.2}% 242
\BOOKMARK [3][-]{subsubsection.8.13.2.33}{\376\377\0008\000.\0001\0003\000.\0002\000.\0003\0003\000\040\000O\000T\000G\000\137\000F\000S\000\137\000D\000M\000\137\000G\000P\000I\000O\000\137\000P\000o\000r\000t}{subsection.8.13.2}% 243
\BOOKMARK [3][-]{subsubsection.8.13.2.34}{\376\377\0008\000.\0001\0003\000.\0002\000.\0003\0004\000\040\000O\000T\000G\000\137\000F\000S\000\137\000D\000M\000\137\000P\000i\000n}{subsection.8.13.2}% 244
\BOOKMARK [3][-]{subsubsection.8.13.2.35}{\376\377\0008\000.\0001\0003\000.\0002\000.\0003\0005\000\040\000O\000T\000G\000\137\000F\000S\000\137\000D\000P\000\137\000G\000P\000I\000O\000\137\000P\000o\000r\000t}{subsection.8.13.2}% 245
\BOOKMARK [3][-]{subsubsection.8.13.2.36}{\376\377\0008\000.\0001\0003\000.\0002\000.\0003\0006\000\040\000O\000T\000G\000\137\000F\000S\000\137\000D\000P\000\137\000P\000i\000n}{subsection.8.13.2}% 246
\BOOKMARK [3][-]{subsubsection.8.13.2.37}{\376\377\0008\000.\0001\0003\000.\0002\000.\0003\0007\000\040\000O\000T\000G\000\137\000F\000S\000\137\000I\000D\000\137\000G\000P\000I\000O\000\137\000P\000o\000r\000t}{subsection.8.13.2}% 247
\BOOKMARK [3][-]{subsubsection.8.13.2.38}{\376\377\0008\000.\0001\0003\000.\0002\000.\0003\0008\000\040\000O\000T\000G\000\137\000F\000S\000\137\000I\000D\000\137\000P\000i\000n}{subsection.8.13.2}% 248
\BOOKMARK [3][-]{subsubsection.8.13.2.39}{\376\377\0008\000.\0001\0003\000.\0002\000.\0003\0009\000\040\000O\000T\000G\000\137\000F\000S\000\137\000O\000v\000e\000r\000C\000u\000r\000r\000e\000n\000t\000\137\000G\000P\000I\000O\000\137\000P\000o\000r\000t}{subsection.8.13.2}% 249
\BOOKMARK [3][-]{subsubsection.8.13.2.40}{\376\377\0008\000.\0001\0003\000.\0002\000.\0004\0000\000\040\000O\000T\000G\000\137\000F\000S\000\137\000O\000v\000e\000r\000C\000u\000r\000r\000e\000n\000t\000\137\000P\000i\000n}{subsection.8.13.2}% 250
\BOOKMARK [3][-]{subsubsection.8.13.2.41}{\376\377\0008\000.\0001\0003\000.\0002\000.\0004\0001\000\040\000O\000T\000G\000\137\000F\000S\000\137\000P\000o\000w\000e\000r\000S\000w\000i\000t\000c\000h\000O\000n\000\137\000G\000P\000I\000O\000\137\000P\000o\000r\000t}{subsection.8.13.2}% 251
\BOOKMARK [3][-]{subsubsection.8.13.2.42}{\376\377\0008\000.\0001\0003\000.\0002\000.\0004\0002\000\040\000O\000T\000G\000\137\000F\000S\000\137\000P\000o\000w\000e\000r\000S\000w\000i\000t\000c\000h\000O\000n\000\137\000P\000i\000n}{subsection.8.13.2}% 252
\BOOKMARK [3][-]{subsubsection.8.13.2.43}{\376\377\0008\000.\0001\0003\000.\0002\000.\0004\0003\000\040\000P\000C\0001\0004\000\137\000O\000S\000C\0003\0002\000\137\000I\000N\000\137\000G\000P\000I\000O\000\137\000P\000o\000r\000t}{subsection.8.13.2}% 253
\BOOKMARK [3][-]{subsubsection.8.13.2.44}{\376\377\0008\000.\0001\0003\000.\0002\000.\0004\0004\000\040\000P\000C\0001\0004\000\137\000O\000S\000C\0003\0002\000\137\000I\000N\000\137\000P\000i\000n}{subsection.8.13.2}% 254
\BOOKMARK [3][-]{subsubsection.8.13.2.45}{\376\377\0008\000.\0001\0003\000.\0002\000.\0004\0005\000\040\000P\000C\0001\0005\000\137\000O\000S\000C\0003\0002\000\137\000O\000U\000T\000\137\000G\000P\000I\000O\000\137\000P\000o\000r\000t}{subsection.8.13.2}% 255
\BOOKMARK [3][-]{subsubsection.8.13.2.46}{\376\377\0008\000.\0001\0003\000.\0002\000.\0004\0006\000\040\000P\000C\0001\0005\000\137\000O\000S\000C\0003\0002\000\137\000O\000U\000T\000\137\000P\000i\000n}{subsection.8.13.2}% 256
\BOOKMARK [3][-]{subsubsection.8.13.2.47}{\376\377\0008\000.\0001\0003\000.\0002\000.\0004\0007\000\040\000P\000D\000M\000\137\000O\000U\000T\000\137\000G\000P\000I\000O\000\137\000P\000o\000r\000t}{subsection.8.13.2}% 257
\BOOKMARK [3][-]{subsubsection.8.13.2.48}{\376\377\0008\000.\0001\0003\000.\0002\000.\0004\0008\000\040\000P\000D\000M\000\137\000O\000U\000T\000\137\000P\000i\000n}{subsection.8.13.2}% 258
\BOOKMARK [3][-]{subsubsection.8.13.2.49}{\376\377\0008\000.\0001\0003\000.\0002\000.\0004\0009\000\040\000P\000H\0000\000\137\000O\000S\000C\000\137\000I\000N\000\137\000G\000P\000I\000O\000\137\000P\000o\000r\000t}{subsection.8.13.2}% 259
\BOOKMARK [3][-]{subsubsection.8.13.2.50}{\376\377\0008\000.\0001\0003\000.\0002\000.\0005\0000\000\040\000P\000H\0000\000\137\000O\000S\000C\000\137\000I\000N\000\137\000P\000i\000n}{subsection.8.13.2}% 260
\BOOKMARK [3][-]{subsubsection.8.13.2.51}{\376\377\0008\000.\0001\0003\000.\0002\000.\0005\0001\000\040\000P\000H\0001\000\137\000O\000S\000C\000\137\000O\000U\000T\000\137\000G\000P\000I\000O\000\137\000P\000o\000r\000t}{subsection.8.13.2}% 261
\BOOKMARK [3][-]{subsubsection.8.13.2.52}{\376\377\0008\000.\0001\0003\000.\0002\000.\0005\0002\000\040\000P\000H\0001\000\137\000O\000S\000C\000\137\000O\000U\000T\000\137\000P\000i\000n}{subsection.8.13.2}% 262
\BOOKMARK [3][-]{subsubsection.8.13.2.53}{\376\377\0008\000.\0001\0003\000.\0002\000.\0005\0003\000\040\000S\000P\000I\0001\000\137\000M\000I\000S\000O\000\137\000G\000P\000I\000O\000\137\000P\000o\000r\000t}{subsection.8.13.2}% 263
\BOOKMARK [3][-]{subsubsection.8.13.2.54}{\376\377\0008\000.\0001\0003\000.\0002\000.\0005\0004\000\040\000S\000P\000I\0001\000\137\000M\000I\000S\000O\000\137\000P\000i\000n}{subsection.8.13.2}% 264
\BOOKMARK [3][-]{subsubsection.8.13.2.55}{\376\377\0008\000.\0001\0003\000.\0002\000.\0005\0005\000\040\000S\000P\000I\0001\000\137\000M\000O\000S\000I\000\137\000G\000P\000I\000O\000\137\000P\000o\000r\000t}{subsection.8.13.2}% 265
\BOOKMARK [3][-]{subsubsection.8.13.2.56}{\376\377\0008\000.\0001\0003\000.\0002\000.\0005\0006\000\040\000S\000P\000I\0001\000\137\000M\000O\000S\000I\000\137\000P\000i\000n}{subsection.8.13.2}% 266
\BOOKMARK [3][-]{subsubsection.8.13.2.57}{\376\377\0008\000.\0001\0003\000.\0002\000.\0005\0007\000\040\000S\000P\000I\0001\000\137\000S\000C\000K\000\137\000G\000P\000I\000O\000\137\000P\000o\000r\000t}{subsection.8.13.2}% 267
\BOOKMARK [3][-]{subsubsection.8.13.2.58}{\376\377\0008\000.\0001\0003\000.\0002\000.\0005\0008\000\040\000S\000P\000I\0001\000\137\000S\000C\000K\000\137\000P\000i\000n}{subsection.8.13.2}% 268
\BOOKMARK [3][-]{subsubsection.8.13.2.59}{\376\377\0008\000.\0001\0003\000.\0002\000.\0005\0009\000\040\000S\000W\000C\000L\000K\000\137\000G\000P\000I\000O\000\137\000P\000o\000r\000t}{subsection.8.13.2}% 269
\BOOKMARK [3][-]{subsubsection.8.13.2.60}{\376\377\0008\000.\0001\0003\000.\0002\000.\0006\0000\000\040\000S\000W\000C\000L\000K\000\137\000P\000i\000n}{subsection.8.13.2}% 270
\BOOKMARK [3][-]{subsubsection.8.13.2.61}{\376\377\0008\000.\0001\0003\000.\0002\000.\0006\0001\000\040\000S\000W\000D\000I\000O\000\137\000G\000P\000I\000O\000\137\000P\000o\000r\000t}{subsection.8.13.2}% 271
\BOOKMARK [3][-]{subsubsection.8.13.2.62}{\376\377\0008\000.\0001\0003\000.\0002\000.\0006\0002\000\040\000S\000W\000D\000I\000O\000\137\000P\000i\000n}{subsection.8.13.2}% 272
\BOOKMARK [3][-]{subsubsection.8.13.2.63}{\376\377\0008\000.\0001\0003\000.\0002\000.\0006\0003\000\040\000S\000W\000O\000\137\000G\000P\000I\000O\000\137\000P\000o\000r\000t}{subsection.8.13.2}% 273
\BOOKMARK [3][-]{subsubsection.8.13.2.64}{\376\377\0008\000.\0001\0003\000.\0002\000.\0006\0004\000\040\000S\000W\000O\000\137\000P\000i\000n}{subsection.8.13.2}% 274
\BOOKMARK [3][-]{subsubsection.8.13.2.65}{\376\377\0008\000.\0001\0003\000.\0002\000.\0006\0005\000\040\000V\000B\000U\000S\000\137\000F\000S\000\137\000G\000P\000I\000O\000\137\000P\000o\000r\000t}{subsection.8.13.2}% 275
\BOOKMARK [3][-]{subsubsection.8.13.2.66}{\376\377\0008\000.\0001\0003\000.\0002\000.\0006\0006\000\040\000V\000B\000U\000S\000\137\000F\000S\000\137\000P\000i\000n}{subsection.8.13.2}% 276
\BOOKMARK [2][-]{subsection.8.13.3}{\376\377\0008\000.\0001\0003\000.\0003\000\040\000D\000o\000c\000u\000m\000e\000n\000t\000a\000c\000i\000\363\000n\000\040\000d\000e\000\040\000f\000u\000n\000c\000i\000o\000n\000e\000s}{section.8.13}% 277
\BOOKMARK [3][-]{subsubsection.8.13.3.1}{\376\377\0008\000.\0001\0003\000.\0003\000.\0001\000\040\000E\000r\000r\000o\000r\000\137\000H\000a\000n\000d\000l\000e\000r\000\050\000\051}{subsection.8.13.3}% 278
\BOOKMARK [1][-]{section.8.14}{\376\377\0008\000.\0001\0004\000\040\000m\000a\000i\000n\000.\000h}{chapter.8}% 279
\BOOKMARK [1][-]{section.8.15}{\376\377\0008\000.\0001\0005\000\040\000R\000e\000f\000e\000r\000e\000n\000c\000i\000a\000\040\000d\000e\000l\000\040\000a\000r\000c\000h\000i\000v\000o\000\040\000C\000o\000r\000e\000/\000I\000n\000c\000/\000s\000e\000n\000s\000o\000r\0001\0000\000D\000o\000F\000.\000h}{chapter.8}% 280
\BOOKMARK [2][-]{subsection.8.15.1}{\376\377\0008\000.\0001\0005\000.\0001\000\040\000D\000e\000s\000c\000r\000i\000p\000c\000i\000\363\000n\000\040\000d\000e\000t\000a\000l\000l\000a\000d\000a}{section.8.15}% 281
\BOOKMARK [2][-]{subsection.8.15.2}{\376\377\0008\000.\0001\0005\000.\0002\000\040\000D\000o\000c\000u\000m\000e\000n\000t\000a\000c\000i\000\363\000n\000\040\000d\000e\000\040\000e\000n\000u\000m\000e\000r\000a\000c\000i\000o\000n\000e\000s}{section.8.15}% 282
\BOOKMARK [3][-]{subsubsection.8.15.2.1}{\376\377\0008\000.\0001\0005\000.\0002\000.\0001\000\040\000S\000e\000n\000s\000o\000r\000S\000t\000a\000t\000u\000s\000\137\000t}{subsection.8.15.2}% 283
\BOOKMARK [2][-]{subsection.8.15.3}{\376\377\0008\000.\0001\0005\000.\0003\000\040\000D\000o\000c\000u\000m\000e\000n\000t\000a\000c\000i\000\363\000n\000\040\000d\000e\000\040\000f\000u\000n\000c\000i\000o\000n\000e\000s}{section.8.15}% 284
\BOOKMARK [3][-]{subsubsection.8.15.3.1}{\376\377\0008\000.\0001\0005\000.\0003\000.\0001\000\040\000S\000e\000n\000s\000o\000r\0001\0000\000D\000o\000F\000\137\000C\000a\000l\000i\000b\000r\000a\000t\000e\000\050\000\051}{subsection.8.15.3}% 285
\BOOKMARK [3][-]{subsubsection.8.15.3.2}{\376\377\0008\000.\0001\0005\000.\0003\000.\0002\000\040\000S\000e\000n\000s\000o\000r\0001\0000\000D\000o\000F\000\137\000I\0002\000C\000R\000e\000c\000o\000v\000e\000r\000\050\000\051}{subsection.8.15.3}% 286
\BOOKMARK [3][-]{subsubsection.8.15.3.3}{\376\377\0008\000.\0001\0005\000.\0003\000.\0003\000\040\000S\000e\000n\000s\000o\000r\0001\0000\000D\000o\000F\000\137\000I\000n\000i\000t\000\050\000\051}{subsection.8.15.3}% 287
\BOOKMARK [3][-]{subsubsection.8.15.3.4}{\376\377\0008\000.\0001\0005\000.\0003\000.\0004\000\040\000S\000e\000n\000s\000o\000r\0001\0000\000D\000o\000F\000\137\000R\000e\000a\000d\000\050\000\051}{subsection.8.15.3}% 288
\BOOKMARK [3][-]{subsubsection.8.15.3.5}{\376\377\0008\000.\0001\0005\000.\0003\000.\0005\000\040\000S\000e\000n\000s\000o\000r\0001\0000\000D\000o\000F\000\137\000R\000e\000s\000e\000t\000\050\000\051}{subsection.8.15.3}% 289
\BOOKMARK [1][-]{section.8.16}{\376\377\0008\000.\0001\0006\000\040\000s\000e\000n\000s\000o\000r\0001\0000\000D\000o\000F\000.\000h}{chapter.8}% 290
\BOOKMARK [1][-]{section.8.17}{\376\377\0008\000.\0001\0007\000\040\000R\000e\000f\000e\000r\000e\000n\000c\000i\000a\000\040\000d\000e\000l\000\040\000a\000r\000c\000h\000i\000v\000o\000\040\000C\000o\000r\000e\000/\000I\000n\000c\000/\000s\000t\000m\0003\0002\000f\0004\000x\000x\000\137\000h\000a\000l\000\137\000c\000o\000n\000f\000.\000h}{chapter.8}% 291
\BOOKMARK [2][-]{subsection.8.17.1}{\376\377\0008\000.\0001\0007\000.\0001\000\040\000D\000o\000c\000u\000m\000e\000n\000t\000a\000c\000i\000\363\000n\000\040\000d\000e\000\040\000\253\000d\000e\000f\000i\000n\000e\000\273}{section.8.17}% 292
\BOOKMARK [3][-]{subsubsection.8.17.1.1}{\376\377\0008\000.\0001\0007\000.\0001\000.\0001\000\040\000a\000s\000s\000e\000r\000t\000\137\000p\000a\000r\000a\000m}{subsection.8.17.1}% 293
\BOOKMARK [3][-]{subsubsection.8.17.1.2}{\376\377\0008\000.\0001\0007\000.\0001\000.\0002\000\040\000D\000A\000T\000A\000\137\000C\000A\000C\000H\000E\000\137\000E\000N\000A\000B\000L\000E}{subsection.8.17.1}% 294
\BOOKMARK [3][-]{subsubsection.8.17.1.3}{\376\377\0008\000.\0001\0007\000.\0001\000.\0003\000\040\000D\000P\0008\0003\0008\0004\0008\000\137\000P\000H\000Y\000\137\000A\000D\000D\000R\000E\000S\000S}{subsection.8.17.1}% 295
\BOOKMARK [3][-]{subsubsection.8.17.1.4}{\376\377\0008\000.\0001\0007\000.\0001\000.\0004\000\040\000E\000T\000H\000\137\000R\000X\000\137\000B\000U\000F\000\137\000S\000I\000Z\000E}{subsection.8.17.1}% 296
\BOOKMARK [3][-]{subsubsection.8.17.1.5}{\376\377\0008\000.\0001\0007\000.\0001\000.\0005\000\040\000E\000T\000H\000\137\000R\000X\000B\000U\000F\000N\000B}{subsection.8.17.1}% 297
\BOOKMARK [3][-]{subsubsection.8.17.1.6}{\376\377\0008\000.\0001\0007\000.\0001\000.\0006\000\040\000E\000T\000H\000\137\000T\000X\000\137\000B\000U\000F\000\137\000S\000I\000Z\000E}{subsection.8.17.1}% 298
\BOOKMARK [3][-]{subsubsection.8.17.1.7}{\376\377\0008\000.\0001\0007\000.\0001\000.\0007\000\040\000E\000T\000H\000\137\000T\000X\000B\000U\000F\000N\000B}{subsection.8.17.1}% 299
\BOOKMARK [3][-]{subsubsection.8.17.1.8}{\376\377\0008\000.\0001\0007\000.\0001\000.\0008\000\040\000E\000X\000T\000E\000R\000N\000A\000L\000\137\000C\000L\000O\000C\000K\000\137\000V\000A\000L\000U\000E}{subsection.8.17.1}% 300
\BOOKMARK [3][-]{subsubsection.8.17.1.9}{\376\377\0008\000.\0001\0007\000.\0001\000.\0009\000\040\000H\000A\000L\000\137\000C\000O\000R\000T\000E\000X\000\137\000M\000O\000D\000U\000L\000E\000\137\000E\000N\000A\000B\000L\000E\000D}{subsection.8.17.1}% 301
\BOOKMARK [3][-]{subsubsection.8.17.1.10}{\376\377\0008\000.\0001\0007\000.\0001\000.\0001\0000\000\040\000H\000A\000L\000\137\000D\000M\000A\000\137\000M\000O\000D\000U\000L\000E\000\137\000E\000N\000A\000B\000L\000E\000D}{subsection.8.17.1}% 302
\BOOKMARK [3][-]{subsubsection.8.17.1.11}{\376\377\0008\000.\0001\0007\000.\0001\000.\0001\0001\000\040\000H\000A\000L\000\137\000E\000X\000T\000I\000\137\000M\000O\000D\000U\000L\000E\000\137\000E\000N\000A\000B\000L\000E\000D}{subsection.8.17.1}% 303
\BOOKMARK [3][-]{subsubsection.8.17.1.12}{\376\377\0008\000.\0001\0007\000.\0001\000.\0001\0002\000\040\000H\000A\000L\000\137\000F\000L\000A\000S\000H\000\137\000M\000O\000D\000U\000L\000E\000\137\000E\000N\000A\000B\000L\000E\000D}{subsection.8.17.1}% 304
\BOOKMARK [3][-]{subsubsection.8.17.1.13}{\376\377\0008\000.\0001\0007\000.\0001\000.\0001\0003\000\040\000H\000A\000L\000\137\000G\000P\000I\000O\000\137\000M\000O\000D\000U\000L\000E\000\137\000E\000N\000A\000B\000L\000E\000D}{subsection.8.17.1}% 305
\BOOKMARK [3][-]{subsubsection.8.17.1.14}{\376\377\0008\000.\0001\0007\000.\0001\000.\0001\0004\000\040\000H\000A\000L\000\137\000I\0002\000C\000\137\000M\000O\000D\000U\000L\000E\000\137\000E\000N\000A\000B\000L\000E\000D}{subsection.8.17.1}% 306
\BOOKMARK [3][-]{subsubsection.8.17.1.15}{\376\377\0008\000.\0001\0007\000.\0001\000.\0001\0005\000\040\000H\000A\000L\000\137\000M\000O\000D\000U\000L\000E\000\137\000E\000N\000A\000B\000L\000E\000D}{subsection.8.17.1}% 307
\BOOKMARK [3][-]{subsubsection.8.17.1.16}{\376\377\0008\000.\0001\0007\000.\0001\000.\0001\0006\000\040\000H\000A\000L\000\137\000P\000W\000R\000\137\000M\000O\000D\000U\000L\000E\000\137\000E\000N\000A\000B\000L\000E\000D}{subsection.8.17.1}% 308
\BOOKMARK [3][-]{subsubsection.8.17.1.17}{\376\377\0008\000.\0001\0007\000.\0001\000.\0001\0007\000\040\000H\000A\000L\000\137\000R\000C\000C\000\137\000M\000O\000D\000U\000L\000E\000\137\000E\000N\000A\000B\000L\000E\000D}{subsection.8.17.1}% 309
\BOOKMARK [3][-]{subsubsection.8.17.1.18}{\376\377\0008\000.\0001\0007\000.\0001\000.\0001\0008\000\040\000H\000A\000L\000\137\000T\000I\000M\000\137\000M\000O\000D\000U\000L\000E\000\137\000E\000N\000A\000B\000L\000E\000D}{subsection.8.17.1}% 310
\BOOKMARK [3][-]{subsubsection.8.17.1.19}{\376\377\0008\000.\0001\0007\000.\0001\000.\0001\0009\000\040\000H\000A\000L\000\137\000U\000A\000R\000T\000\137\000M\000O\000D\000U\000L\000E\000\137\000E\000N\000A\000B\000L\000E\000D}{subsection.8.17.1}% 311
\BOOKMARK [3][-]{subsubsection.8.17.1.20}{\376\377\0008\000.\0001\0007\000.\0001\000.\0002\0000\000\040\000H\000S\000E\000\137\000S\000T\000A\000R\000T\000U\000P\000\137\000T\000I\000M\000E\000O\000U\000T}{subsection.8.17.1}% 312
\BOOKMARK [3][-]{subsubsection.8.17.1.21}{\376\377\0008\000.\0001\0007\000.\0001\000.\0002\0001\000\040\000H\000S\000E\000\137\000V\000A\000L\000U\000E}{subsection.8.17.1}% 313
\BOOKMARK [3][-]{subsubsection.8.17.1.22}{\376\377\0008\000.\0001\0007\000.\0001\000.\0002\0002\000\040\000H\000S\000I\000\137\000V\000A\000L\000U\000E}{subsection.8.17.1}% 314
\BOOKMARK [3][-]{subsubsection.8.17.1.23}{\376\377\0008\000.\0001\0007\000.\0001\000.\0002\0003\000\040\000I\000N\000S\000T\000R\000U\000C\000T\000I\000O\000N\000\137\000C\000A\000C\000H\000E\000\137\000E\000N\000A\000B\000L\000E}{subsection.8.17.1}% 315
\BOOKMARK [3][-]{subsubsection.8.17.1.24}{\376\377\0008\000.\0001\0007\000.\0001\000.\0002\0004\000\040\000L\000S\000E\000\137\000S\000T\000A\000R\000T\000U\000P\000\137\000T\000I\000M\000E\000O\000U\000T}{subsection.8.17.1}% 316
\BOOKMARK [3][-]{subsubsection.8.17.1.25}{\376\377\0008\000.\0001\0007\000.\0001\000.\0002\0005\000\040\000L\000S\000E\000\137\000V\000A\000L\000U\000E}{subsection.8.17.1}% 317
\BOOKMARK [3][-]{subsubsection.8.17.1.26}{\376\377\0008\000.\0001\0007\000.\0001\000.\0002\0006\000\040\000L\000S\000I\000\137\000V\000A\000L\000U\000E}{subsection.8.17.1}% 318
\BOOKMARK [3][-]{subsubsection.8.17.1.27}{\376\377\0008\000.\0001\0007\000.\0001\000.\0002\0007\000\040\000M\000A\000C\000\137\000A\000D\000D\000R\0000}{subsection.8.17.1}% 319
\BOOKMARK [3][-]{subsubsection.8.17.1.28}{\376\377\0008\000.\0001\0007\000.\0001\000.\0002\0008\000\040\000M\000A\000C\000\137\000A\000D\000D\000R\0001}{subsection.8.17.1}% 320
\BOOKMARK [3][-]{subsubsection.8.17.1.29}{\376\377\0008\000.\0001\0007\000.\0001\000.\0002\0009\000\040\000M\000A\000C\000\137\000A\000D\000D\000R\0002}{subsection.8.17.1}% 321
\BOOKMARK [3][-]{subsubsection.8.17.1.30}{\376\377\0008\000.\0001\0007\000.\0001\000.\0003\0000\000\040\000M\000A\000C\000\137\000A\000D\000D\000R\0003}{subsection.8.17.1}% 322
\BOOKMARK [3][-]{subsubsection.8.17.1.31}{\376\377\0008\000.\0001\0007\000.\0001\000.\0003\0001\000\040\000M\000A\000C\000\137\000A\000D\000D\000R\0004}{subsection.8.17.1}% 323
\BOOKMARK [3][-]{subsubsection.8.17.1.32}{\376\377\0008\000.\0001\0007\000.\0001\000.\0003\0002\000\040\000M\000A\000C\000\137\000A\000D\000D\000R\0005}{subsection.8.17.1}% 324
\BOOKMARK [3][-]{subsubsection.8.17.1.33}{\376\377\0008\000.\0001\0007\000.\0001\000.\0003\0003\000\040\000P\000H\000Y\000\137\000A\000U\000T\000O\000N\000E\000G\000O\000\137\000C\000O\000M\000P\000L\000E\000T\000E}{subsection.8.17.1}% 325
\BOOKMARK [3][-]{subsubsection.8.17.1.34}{\376\377\0008\000.\0001\0007\000.\0001\000.\0003\0004\000\040\000P\000H\000Y\000\137\000A\000U\000T\000O\000N\000E\000G\000O\000T\000I\000A\000T\000I\000O\000N}{subsection.8.17.1}% 326
\BOOKMARK [3][-]{subsubsection.8.17.1.35}{\376\377\0008\000.\0001\0007\000.\0001\000.\0003\0005\000\040\000P\000H\000Y\000\137\000B\000C\000R}{subsection.8.17.1}% 327
\BOOKMARK [3][-]{subsubsection.8.17.1.36}{\376\377\0008\000.\0001\0007\000.\0001\000.\0003\0006\000\040\000P\000H\000Y\000\137\000B\000S\000R}{subsection.8.17.1}% 328
\BOOKMARK [3][-]{subsubsection.8.17.1.37}{\376\377\0008\000.\0001\0007\000.\0001\000.\0003\0007\000\040\000P\000H\000Y\000\137\000C\000O\000N\000F\000I\000G\000\137\000D\000E\000L\000A\000Y}{subsection.8.17.1}% 329
\BOOKMARK [3][-]{subsubsection.8.17.1.38}{\376\377\0008\000.\0001\0007\000.\0001\000.\0003\0008\000\040\000P\000H\000Y\000\137\000D\000U\000P\000L\000E\000X\000\137\000S\000T\000A\000T\000U\000S}{subsection.8.17.1}% 330
\BOOKMARK [3][-]{subsubsection.8.17.1.39}{\376\377\0008\000.\0001\0007\000.\0001\000.\0003\0009\000\040\000P\000H\000Y\000\137\000F\000U\000L\000L\000D\000U\000P\000L\000E\000X\000\137\0001\0000\0000\000M}{subsection.8.17.1}% 331
\BOOKMARK [3][-]{subsubsection.8.17.1.40}{\376\377\0008\000.\0001\0007\000.\0001\000.\0004\0000\000\040\000P\000H\000Y\000\137\000F\000U\000L\000L\000D\000U\000P\000L\000E\000X\000\137\0001\0000\000M}{subsection.8.17.1}% 332
\BOOKMARK [3][-]{subsubsection.8.17.1.41}{\376\377\0008\000.\0001\0007\000.\0001\000.\0004\0001\000\040\000P\000H\000Y\000\137\000H\000A\000L\000F\000D\000U\000P\000L\000E\000X\000\137\0001\0000\0000\000M}{subsection.8.17.1}% 333
\BOOKMARK [3][-]{subsubsection.8.17.1.42}{\376\377\0008\000.\0001\0007\000.\0001\000.\0004\0002\000\040\000P\000H\000Y\000\137\000H\000A\000L\000F\000D\000U\000P\000L\000E\000X\000\137\0001\0000\000M}{subsection.8.17.1}% 334
\BOOKMARK [3][-]{subsubsection.8.17.1.43}{\376\377\0008\000.\0001\0007\000.\0001\000.\0004\0003\000\040\000P\000H\000Y\000\137\000I\000S\000O\000L\000A\000T\000E}{subsection.8.17.1}% 335
\BOOKMARK [3][-]{subsubsection.8.17.1.44}{\376\377\0008\000.\0001\0007\000.\0001\000.\0004\0004\000\040\000P\000H\000Y\000\137\000J\000A\000B\000B\000E\000R\000\137\000D\000E\000T\000E\000C\000T\000I\000O\000N}{subsection.8.17.1}% 336
\BOOKMARK [3][-]{subsubsection.8.17.1.45}{\376\377\0008\000.\0001\0007\000.\0001\000.\0004\0005\000\040\000P\000H\000Y\000\137\000L\000I\000N\000K\000E\000D\000\137\000S\000T\000A\000T\000U\000S}{subsection.8.17.1}% 337
\BOOKMARK [3][-]{subsubsection.8.17.1.46}{\376\377\0008\000.\0001\0007\000.\0001\000.\0004\0006\000\040\000P\000H\000Y\000\137\000L\000O\000O\000P\000B\000A\000C\000K}{subsection.8.17.1}% 338
\BOOKMARK [3][-]{subsubsection.8.17.1.47}{\376\377\0008\000.\0001\0007\000.\0001\000.\0004\0007\000\040\000P\000H\000Y\000\137\000P\000O\000W\000E\000R\000D\000O\000W\000N}{subsection.8.17.1}% 339
\BOOKMARK [3][-]{subsubsection.8.17.1.48}{\376\377\0008\000.\0001\0007\000.\0001\000.\0004\0008\000\040\000P\000H\000Y\000\137\000R\000E\000A\000D\000\137\000T\000O}{subsection.8.17.1}% 340
\BOOKMARK [3][-]{subsubsection.8.17.1.49}{\376\377\0008\000.\0001\0007\000.\0001\000.\0004\0009\000\040\000P\000H\000Y\000\137\000R\000E\000S\000E\000T}{subsection.8.17.1}% 341
\BOOKMARK [3][-]{subsubsection.8.17.1.50}{\376\377\0008\000.\0001\0007\000.\0001\000.\0005\0000\000\040\000P\000H\000Y\000\137\000R\000E\000S\000E\000T\000\137\000D\000E\000L\000A\000Y}{subsection.8.17.1}% 342
\BOOKMARK [3][-]{subsubsection.8.17.1.51}{\376\377\0008\000.\0001\0007\000.\0001\000.\0005\0001\000\040\000P\000H\000Y\000\137\000R\000E\000S\000T\000A\000R\000T\000\137\000A\000U\000T\000O\000N\000E\000G\000O\000T\000I\000A\000T\000I\000O\000N}{subsection.8.17.1}% 343
\BOOKMARK [3][-]{subsubsection.8.17.1.52}{\376\377\0008\000.\0001\0007\000.\0001\000.\0005\0002\000\040\000P\000H\000Y\000\137\000S\000P\000E\000E\000D\000\137\000S\000T\000A\000T\000U\000S}{subsection.8.17.1}% 344
\BOOKMARK [3][-]{subsubsection.8.17.1.53}{\376\377\0008\000.\0001\0007\000.\0001\000.\0005\0003\000\040\000P\000H\000Y\000\137\000S\000R}{subsection.8.17.1}% 345
\BOOKMARK [3][-]{subsubsection.8.17.1.54}{\376\377\0008\000.\0001\0007\000.\0001\000.\0005\0004\000\040\000P\000H\000Y\000\137\000W\000R\000I\000T\000E\000\137\000T\000O}{subsection.8.17.1}% 346
\BOOKMARK [3][-]{subsubsection.8.17.1.55}{\376\377\0008\000.\0001\0007\000.\0001\000.\0005\0005\000\040\000P\000R\000E\000F\000E\000T\000C\000H\000\137\000E\000N\000A\000B\000L\000E}{subsection.8.17.1}% 347
\BOOKMARK [3][-]{subsubsection.8.17.1.56}{\376\377\0008\000.\0001\0007\000.\0001\000.\0005\0006\000\040\000T\000I\000C\000K\000\137\000I\000N\000T\000\137\000P\000R\000I\000O\000R\000I\000T\000Y}{subsection.8.17.1}% 348
\BOOKMARK [3][-]{subsubsection.8.17.1.57}{\376\377\0008\000.\0001\0007\000.\0001\000.\0005\0007\000\040\000U\000S\000E\000\137\000H\000A\000L\000\137\000A\000D\000C\000\137\000R\000E\000G\000I\000S\000T\000E\000R\000\137\000C\000A\000L\000L\000B\000A\000C\000K\000S}{subsection.8.17.1}% 349
\BOOKMARK [3][-]{subsubsection.8.17.1.58}{\376\377\0008\000.\0001\0007\000.\0001\000.\0005\0008\000\040\000U\000S\000E\000\137\000H\000A\000L\000\137\000C\000A\000N\000\137\000R\000E\000G\000I\000S\000T\000E\000R\000\137\000C\000A\000L\000L\000B\000A\000C\000K\000S}{subsection.8.17.1}% 350
\BOOKMARK [3][-]{subsubsection.8.17.1.59}{\376\377\0008\000.\0001\0007\000.\0001\000.\0005\0009\000\040\000U\000S\000E\000\137\000H\000A\000L\000\137\000C\000E\000C\000\137\000R\000E\000G\000I\000S\000T\000E\000R\000\137\000C\000A\000L\000L\000B\000A\000C\000K\000S}{subsection.8.17.1}% 351
\BOOKMARK [3][-]{subsubsection.8.17.1.60}{\376\377\0008\000.\0001\0007\000.\0001\000.\0006\0000\000\040\000U\000S\000E\000\137\000H\000A\000L\000\137\000C\000R\000Y\000P\000\137\000R\000E\000G\000I\000S\000T\000E\000R\000\137\000C\000A\000L\000L\000B\000A\000C\000K\000S}{subsection.8.17.1}% 352
\BOOKMARK [3][-]{subsubsection.8.17.1.61}{\376\377\0008\000.\0001\0007\000.\0001\000.\0006\0001\000\040\000U\000S\000E\000\137\000H\000A\000L\000\137\000D\000A\000C\000\137\000R\000E\000G\000I\000S\000T\000E\000R\000\137\000C\000A\000L\000L\000B\000A\000C\000K\000S}{subsection.8.17.1}% 353
\BOOKMARK [3][-]{subsubsection.8.17.1.62}{\376\377\0008\000.\0001\0007\000.\0001\000.\0006\0002\000\040\000U\000S\000E\000\137\000H\000A\000L\000\137\000D\000C\000M\000I\000\137\000R\000E\000G\000I\000S\000T\000E\000R\000\137\000C\000A\000L\000L\000B\000A\000C\000K\000S}{subsection.8.17.1}% 354
\BOOKMARK [3][-]{subsubsection.8.17.1.63}{\376\377\0008\000.\0001\0007\000.\0001\000.\0006\0003\000\040\000U\000S\000E\000\137\000H\000A\000L\000\137\000D\000F\000S\000D\000M\000\137\000R\000E\000G\000I\000S\000T\000E\000R\000\137\000C\000A\000L\000L\000B\000A\000C\000K\000S}{subsection.8.17.1}% 355
\BOOKMARK [3][-]{subsubsection.8.17.1.64}{\376\377\0008\000.\0001\0007\000.\0001\000.\0006\0004\000\040\000U\000S\000E\000\137\000H\000A\000L\000\137\000D\000M\000A\0002\000D\000\137\000R\000E\000G\000I\000S\000T\000E\000R\000\137\000C\000A\000L\000L\000B\000A\000C\000K\000S}{subsection.8.17.1}% 356
\BOOKMARK [3][-]{subsubsection.8.17.1.65}{\376\377\0008\000.\0001\0007\000.\0001\000.\0006\0005\000\040\000U\000S\000E\000\137\000H\000A\000L\000\137\000D\000S\000I\000\137\000R\000E\000G\000I\000S\000T\000E\000R\000\137\000C\000A\000L\000L\000B\000A\000C\000K\000S}{subsection.8.17.1}% 357
\BOOKMARK [3][-]{subsubsection.8.17.1.66}{\376\377\0008\000.\0001\0007\000.\0001\000.\0006\0006\000\040\000U\000S\000E\000\137\000H\000A\000L\000\137\000E\000T\000H\000\137\000R\000E\000G\000I\000S\000T\000E\000R\000\137\000C\000A\000L\000L\000B\000A\000C\000K\000S}{subsection.8.17.1}% 358
\BOOKMARK [3][-]{subsubsection.8.17.1.67}{\376\377\0008\000.\0001\0007\000.\0001\000.\0006\0007\000\040\000U\000S\000E\000\137\000H\000A\000L\000\137\000F\000M\000P\000I\0002\000C\000\137\000R\000E\000G\000I\000S\000T\000E\000R\000\137\000C\000A\000L\000L\000B\000A\000C\000K\000S}{subsection.8.17.1}% 359
\BOOKMARK [3][-]{subsubsection.8.17.1.68}{\376\377\0008\000.\0001\0007\000.\0001\000.\0006\0008\000\040\000U\000S\000E\000\137\000H\000A\000L\000\137\000F\000M\000P\000S\000M\000B\000U\000S\000\137\000R\000E\000G\000I\000S\000T\000E\000R\000\137\000C\000A\000L\000L\000B\000A\000C\000K\000S}{subsection.8.17.1}% 360
\BOOKMARK [3][-]{subsubsection.8.17.1.69}{\376\377\0008\000.\0001\0007\000.\0001\000.\0006\0009\000\040\000U\000S\000E\000\137\000H\000A\000L\000\137\000H\000A\000S\000H\000\137\000R\000E\000G\000I\000S\000T\000E\000R\000\137\000C\000A\000L\000L\000B\000A\000C\000K\000S}{subsection.8.17.1}% 361
\BOOKMARK [3][-]{subsubsection.8.17.1.70}{\376\377\0008\000.\0001\0007\000.\0001\000.\0007\0000\000\040\000U\000S\000E\000\137\000H\000A\000L\000\137\000H\000C\000D\000\137\000R\000E\000G\000I\000S\000T\000E\000R\000\137\000C\000A\000L\000L\000B\000A\000C\000K\000S}{subsection.8.17.1}% 362
\BOOKMARK [3][-]{subsubsection.8.17.1.71}{\376\377\0008\000.\0001\0007\000.\0001\000.\0007\0001\000\040\000U\000S\000E\000\137\000H\000A\000L\000\137\000I\0002\000C\000\137\000R\000E\000G\000I\000S\000T\000E\000R\000\137\000C\000A\000L\000L\000B\000A\000C\000K\000S}{subsection.8.17.1}% 363
\BOOKMARK [3][-]{subsubsection.8.17.1.72}{\376\377\0008\000.\0001\0007\000.\0001\000.\0007\0002\000\040\000U\000S\000E\000\137\000H\000A\000L\000\137\000I\0002\000S\000\137\000R\000E\000G\000I\000S\000T\000E\000R\000\137\000C\000A\000L\000L\000B\000A\000C\000K\000S}{subsection.8.17.1}% 364
\BOOKMARK [3][-]{subsubsection.8.17.1.73}{\376\377\0008\000.\0001\0007\000.\0001\000.\0007\0003\000\040\000U\000S\000E\000\137\000H\000A\000L\000\137\000I\000R\000D\000A\000\137\000R\000E\000G\000I\000S\000T\000E\000R\000\137\000C\000A\000L\000L\000B\000A\000C\000K\000S}{subsection.8.17.1}% 365
\BOOKMARK [3][-]{subsubsection.8.17.1.74}{\376\377\0008\000.\0001\0007\000.\0001\000.\0007\0004\000\040\000U\000S\000E\000\137\000H\000A\000L\000\137\000L\000P\000T\000I\000M\000\137\000R\000E\000G\000I\000S\000T\000E\000R\000\137\000C\000A\000L\000L\000B\000A\000C\000K\000S}{subsection.8.17.1}% 366
\BOOKMARK [3][-]{subsubsection.8.17.1.75}{\376\377\0008\000.\0001\0007\000.\0001\000.\0007\0005\000\040\000U\000S\000E\000\137\000H\000A\000L\000\137\000L\000T\000D\000C\000\137\000R\000E\000G\000I\000S\000T\000E\000R\000\137\000C\000A\000L\000L\000B\000A\000C\000K\000S}{subsection.8.17.1}% 367
\BOOKMARK [3][-]{subsubsection.8.17.1.76}{\376\377\0008\000.\0001\0007\000.\0001\000.\0007\0006\000\040\000U\000S\000E\000\137\000H\000A\000L\000\137\000M\000M\000C\000\137\000R\000E\000G\000I\000S\000T\000E\000R\000\137\000C\000A\000L\000L\000B\000A\000C\000K\000S}{subsection.8.17.1}% 368
\BOOKMARK [3][-]{subsubsection.8.17.1.77}{\376\377\0008\000.\0001\0007\000.\0001\000.\0007\0007\000\040\000U\000S\000E\000\137\000H\000A\000L\000\137\000N\000A\000N\000D\000\137\000R\000E\000G\000I\000S\000T\000E\000R\000\137\000C\000A\000L\000L\000B\000A\000C\000K\000S}{subsection.8.17.1}% 369
\BOOKMARK [3][-]{subsubsection.8.17.1.78}{\376\377\0008\000.\0001\0007\000.\0001\000.\0007\0008\000\040\000U\000S\000E\000\137\000H\000A\000L\000\137\000N\000O\000R\000\137\000R\000E\000G\000I\000S\000T\000E\000R\000\137\000C\000A\000L\000L\000B\000A\000C\000K\000S}{subsection.8.17.1}% 370
\BOOKMARK [3][-]{subsubsection.8.17.1.79}{\376\377\0008\000.\0001\0007\000.\0001\000.\0007\0009\000\040\000U\000S\000E\000\137\000H\000A\000L\000\137\000P\000C\000C\000A\000R\000D\000\137\000R\000E\000G\000I\000S\000T\000E\000R\000\137\000C\000A\000L\000L\000B\000A\000C\000K\000S}{subsection.8.17.1}% 371
\BOOKMARK [3][-]{subsubsection.8.17.1.80}{\376\377\0008\000.\0001\0007\000.\0001\000.\0008\0000\000\040\000U\000S\000E\000\137\000H\000A\000L\000\137\000P\000C\000D\000\137\000R\000E\000G\000I\000S\000T\000E\000R\000\137\000C\000A\000L\000L\000B\000A\000C\000K\000S}{subsection.8.17.1}% 372
\BOOKMARK [3][-]{subsubsection.8.17.1.81}{\376\377\0008\000.\0001\0007\000.\0001\000.\0008\0001\000\040\000U\000S\000E\000\137\000H\000A\000L\000\137\000Q\000S\000P\000I\000\137\000R\000E\000G\000I\000S\000T\000E\000R\000\137\000C\000A\000L\000L\000B\000A\000C\000K\000S}{subsection.8.17.1}% 373
\BOOKMARK [3][-]{subsubsection.8.17.1.82}{\376\377\0008\000.\0001\0007\000.\0001\000.\0008\0002\000\040\000U\000S\000E\000\137\000H\000A\000L\000\137\000R\000N\000G\000\137\000R\000E\000G\000I\000S\000T\000E\000R\000\137\000C\000A\000L\000L\000B\000A\000C\000K\000S}{subsection.8.17.1}% 374
\BOOKMARK [3][-]{subsubsection.8.17.1.83}{\376\377\0008\000.\0001\0007\000.\0001\000.\0008\0003\000\040\000U\000S\000E\000\137\000H\000A\000L\000\137\000R\000T\000C\000\137\000R\000E\000G\000I\000S\000T\000E\000R\000\137\000C\000A\000L\000L\000B\000A\000C\000K\000S}{subsection.8.17.1}% 375
\BOOKMARK [3][-]{subsubsection.8.17.1.84}{\376\377\0008\000.\0001\0007\000.\0001\000.\0008\0004\000\040\000U\000S\000E\000\137\000H\000A\000L\000\137\000S\000A\000I\000\137\000R\000E\000G\000I\000S\000T\000E\000R\000\137\000C\000A\000L\000L\000B\000A\000C\000K\000S}{subsection.8.17.1}% 376
\BOOKMARK [3][-]{subsubsection.8.17.1.85}{\376\377\0008\000.\0001\0007\000.\0001\000.\0008\0005\000\040\000U\000S\000E\000\137\000H\000A\000L\000\137\000S\000D\000\137\000R\000E\000G\000I\000S\000T\000E\000R\000\137\000C\000A\000L\000L\000B\000A\000C\000K\000S}{subsection.8.17.1}% 377
\BOOKMARK [3][-]{subsubsection.8.17.1.86}{\376\377\0008\000.\0001\0007\000.\0001\000.\0008\0006\000\040\000U\000S\000E\000\137\000H\000A\000L\000\137\000S\000D\000R\000A\000M\000\137\000R\000E\000G\000I\000S\000T\000E\000R\000\137\000C\000A\000L\000L\000B\000A\000C\000K\000S}{subsection.8.17.1}% 378
\BOOKMARK [3][-]{subsubsection.8.17.1.87}{\376\377\0008\000.\0001\0007\000.\0001\000.\0008\0007\000\040\000U\000S\000E\000\137\000H\000A\000L\000\137\000S\000M\000A\000R\000T\000C\000A\000R\000D\000\137\000R\000E\000G\000I\000S\000T\000E\000R\000\137\000C\000A\000L\000L\000B\000A\000C\000K\000S}{subsection.8.17.1}% 379
\BOOKMARK [3][-]{subsubsection.8.17.1.88}{\376\377\0008\000.\0001\0007\000.\0001\000.\0008\0008\000\040\000U\000S\000E\000\137\000H\000A\000L\000\137\000S\000M\000B\000U\000S\000\137\000R\000E\000G\000I\000S\000T\000E\000R\000\137\000C\000A\000L\000L\000B\000A\000C\000K\000S}{subsection.8.17.1}% 380
\BOOKMARK [3][-]{subsubsection.8.17.1.89}{\376\377\0008\000.\0001\0007\000.\0001\000.\0008\0009\000\040\000U\000S\000E\000\137\000H\000A\000L\000\137\000S\000P\000D\000I\000F\000R\000X\000\137\000R\000E\000G\000I\000S\000T\000E\000R\000\137\000C\000A\000L\000L\000B\000A\000C\000K\000S}{subsection.8.17.1}% 381
\BOOKMARK [3][-]{subsubsection.8.17.1.90}{\376\377\0008\000.\0001\0007\000.\0001\000.\0009\0000\000\040\000U\000S\000E\000\137\000H\000A\000L\000\137\000S\000P\000I\000\137\000R\000E\000G\000I\000S\000T\000E\000R\000\137\000C\000A\000L\000L\000B\000A\000C\000K\000S}{subsection.8.17.1}% 382
\BOOKMARK [3][-]{subsubsection.8.17.1.91}{\376\377\0008\000.\0001\0007\000.\0001\000.\0009\0001\000\040\000U\000S\000E\000\137\000H\000A\000L\000\137\000S\000R\000A\000M\000\137\000R\000E\000G\000I\000S\000T\000E\000R\000\137\000C\000A\000L\000L\000B\000A\000C\000K\000S}{subsection.8.17.1}% 383
\BOOKMARK [3][-]{subsubsection.8.17.1.92}{\376\377\0008\000.\0001\0007\000.\0001\000.\0009\0002\000\040\000U\000S\000E\000\137\000H\000A\000L\000\137\000T\000I\000M\000\137\000R\000E\000G\000I\000S\000T\000E\000R\000\137\000C\000A\000L\000L\000B\000A\000C\000K\000S}{subsection.8.17.1}% 384
\BOOKMARK [3][-]{subsubsection.8.17.1.93}{\376\377\0008\000.\0001\0007\000.\0001\000.\0009\0003\000\040\000U\000S\000E\000\137\000H\000A\000L\000\137\000U\000A\000R\000T\000\137\000R\000E\000G\000I\000S\000T\000E\000R\000\137\000C\000A\000L\000L\000B\000A\000C\000K\000S}{subsection.8.17.1}% 385
\BOOKMARK [3][-]{subsubsection.8.17.1.94}{\376\377\0008\000.\0001\0007\000.\0001\000.\0009\0004\000\040\000U\000S\000E\000\137\000H\000A\000L\000\137\000U\000S\000A\000R\000T\000\137\000R\000E\000G\000I\000S\000T\000E\000R\000\137\000C\000A\000L\000L\000B\000A\000C\000K\000S}{subsection.8.17.1}% 386
\BOOKMARK [3][-]{subsubsection.8.17.1.95}{\376\377\0008\000.\0001\0007\000.\0001\000.\0009\0005\000\040\000U\000S\000E\000\137\000H\000A\000L\000\137\000W\000W\000D\000G\000\137\000R\000E\000G\000I\000S\000T\000E\000R\000\137\000C\000A\000L\000L\000B\000A\000C\000K\000S}{subsection.8.17.1}% 387
\BOOKMARK [3][-]{subsubsection.8.17.1.96}{\376\377\0008\000.\0001\0007\000.\0001\000.\0009\0006\000\040\000U\000S\000E\000\137\000R\000T\000O\000S}{subsection.8.17.1}% 388
\BOOKMARK [3][-]{subsubsection.8.17.1.97}{\376\377\0008\000.\0001\0007\000.\0001\000.\0009\0007\000\040\000U\000S\000E\000\137\000S\000P\000I\000\137\000C\000R\000C}{subsection.8.17.1}% 389
\BOOKMARK [3][-]{subsubsection.8.17.1.98}{\376\377\0008\000.\0001\0007\000.\0001\000.\0009\0008\000\040\000V\000D\000D\000\137\000V\000A\000L\000U\000E}{subsection.8.17.1}% 390
\BOOKMARK [1][-]{section.8.18}{\376\377\0008\000.\0001\0008\000\040\000s\000t\000m\0003\0002\000f\0004\000x\000x\000\137\000h\000a\000l\000\137\000c\000o\000n\000f\000.\000h}{chapter.8}% 391
\BOOKMARK [1][-]{section.8.19}{\376\377\0008\000.\0001\0009\000\040\000R\000e\000f\000e\000r\000e\000n\000c\000i\000a\000\040\000d\000e\000l\000\040\000a\000r\000c\000h\000i\000v\000o\000\040\000C\000o\000r\000e\000/\000I\000n\000c\000/\000t\000i\000m\000.\000h}{chapter.8}% 392
\BOOKMARK [2][-]{subsection.8.19.1}{\376\377\0008\000.\0001\0009\000.\0001\000\040\000D\000e\000s\000c\000r\000i\000p\000c\000i\000\363\000n\000\040\000d\000e\000t\000a\000l\000l\000a\000d\000a}{section.8.19}% 393
\BOOKMARK [2][-]{subsection.8.19.2}{\376\377\0008\000.\0001\0009\000.\0002\000\040\000D\000o\000c\000u\000m\000e\000n\000t\000a\000c\000i\000\363\000n\000\040\000d\000e\000\040\000f\000u\000n\000c\000i\000o\000n\000e\000s}{section.8.19}% 394
\BOOKMARK [3][-]{subsubsection.8.19.2.1}{\376\377\0008\000.\0001\0009\000.\0002\000.\0001\000\040\000M\000X\000\137\000T\000I\000M\0001\000\137\000I\000n\000i\000t\000\050\000\051}{subsection.8.19.2}% 395
\BOOKMARK [3][-]{subsubsection.8.19.2.2}{\376\377\0008\000.\0001\0009\000.\0002\000.\0002\000\040\000M\000X\000\137\000T\000I\000M\0003\000\137\000I\000n\000i\000t\000\050\000\051}{subsection.8.19.2}% 396
\BOOKMARK [2][-]{subsection.8.19.3}{\376\377\0008\000.\0001\0009\000.\0003\000\040\000D\000o\000c\000u\000m\000e\000n\000t\000a\000c\000i\000\363\000n\000\040\000d\000e\000\040\000v\000a\000r\000i\000a\000b\000l\000e\000s}{section.8.19}% 397
\BOOKMARK [3][-]{subsubsection.8.19.3.1}{\376\377\0008\000.\0001\0009\000.\0003\000.\0001\000\040\000h\000t\000i\000m\0001}{subsection.8.19.3}% 398
\BOOKMARK [3][-]{subsubsection.8.19.3.2}{\376\377\0008\000.\0001\0009\000.\0003\000.\0002\000\040\000h\000t\000i\000m\0003}{subsection.8.19.3}% 399
\BOOKMARK [1][-]{section.8.20}{\376\377\0008\000.\0002\0000\000\040\000t\000i\000m\000.\000h}{chapter.8}% 400
\BOOKMARK [1][-]{section.8.21}{\376\377\0008\000.\0002\0001\000\040\000R\000e\000f\000e\000r\000e\000n\000c\000i\000a\000\040\000d\000e\000l\000\040\000a\000r\000c\000h\000i\000v\000o\000\040\000C\000o\000r\000e\000/\000I\000n\000c\000/\000u\000s\000a\000r\000t\000.\000h}{chapter.8}% 401
\BOOKMARK [2][-]{subsection.8.21.1}{\376\377\0008\000.\0002\0001\000.\0001\000\040\000D\000e\000s\000c\000r\000i\000p\000c\000i\000\363\000n\000\040\000d\000e\000t\000a\000l\000l\000a\000d\000a}{section.8.21}% 402
\BOOKMARK [2][-]{subsection.8.21.2}{\376\377\0008\000.\0002\0001\000.\0002\000\040\000D\000o\000c\000u\000m\000e\000n\000t\000a\000c\000i\000\363\000n\000\040\000d\000e\000\040\000f\000u\000n\000c\000i\000o\000n\000e\000s}{section.8.21}% 403
\BOOKMARK [3][-]{subsubsection.8.21.2.1}{\376\377\0008\000.\0002\0001\000.\0002\000.\0001\000\040\000M\000X\000\137\000U\000S\000A\000R\000T\0002\000\137\000U\000A\000R\000T\000\137\000I\000n\000i\000t\000\050\000\051}{subsection.8.21.2}% 404
\BOOKMARK [3][-]{subsubsection.8.21.2.2}{\376\377\0008\000.\0002\0001\000.\0002\000.\0002\000\040\000M\000X\000\137\000U\000S\000A\000R\000T\0003\000\137\000U\000A\000R\000T\000\137\000I\000n\000i\000t\000\050\000\051}{subsection.8.21.2}% 405
\BOOKMARK [2][-]{subsection.8.21.3}{\376\377\0008\000.\0002\0001\000.\0003\000\040\000D\000o\000c\000u\000m\000e\000n\000t\000a\000c\000i\000\363\000n\000\040\000d\000e\000\040\000v\000a\000r\000i\000a\000b\000l\000e\000s}{section.8.21}% 406
\BOOKMARK [3][-]{subsubsection.8.21.3.1}{\376\377\0008\000.\0002\0001\000.\0003\000.\0001\000\040\000h\000u\000a\000r\000t\0002}{subsection.8.21.3}% 407
\BOOKMARK [3][-]{subsubsection.8.21.3.2}{\376\377\0008\000.\0002\0001\000.\0003\000.\0002\000\040\000h\000u\000a\000r\000t\0003}{subsection.8.21.3}% 408
\BOOKMARK [1][-]{section.8.22}{\376\377\0008\000.\0002\0002\000\040\000u\000s\000a\000r\000t\000.\000h}{chapter.8}% 409
\BOOKMARK [1][-]{section.8.23}{\376\377\0008\000.\0002\0003\000\040\000R\000e\000f\000e\000r\000e\000n\000c\000i\000a\000\040\000d\000e\000l\000\040\000a\000r\000c\000h\000i\000v\000o\000\040\000C\000o\000r\000e\000/\000I\000n\000c\000/\000w\000i\000f\000i\000.\000h}{chapter.8}% 410
\BOOKMARK [2][-]{subsection.8.23.1}{\376\377\0008\000.\0002\0003\000.\0001\000\040\000D\000e\000s\000c\000r\000i\000p\000c\000i\000\363\000n\000\040\000d\000e\000t\000a\000l\000l\000a\000d\000a}{section.8.23}% 411
\BOOKMARK [2][-]{subsection.8.23.2}{\376\377\0008\000.\0002\0003\000.\0002\000\040\000D\000o\000c\000u\000m\000e\000n\000t\000a\000c\000i\000\363\000n\000\040\000d\000e\000\040\000f\000u\000n\000c\000i\000o\000n\000e\000s}{section.8.23}% 412
\BOOKMARK [3][-]{subsubsection.8.23.2.1}{\376\377\0008\000.\0002\0003\000.\0002\000.\0001\000\040\000W\000I\000F\000I\000\137\000C\000o\000n\000n\000e\000c\000t\000A\000P\000\050\000\051}{subsection.8.23.2}% 413
\BOOKMARK [3][-]{subsubsection.8.23.2.2}{\376\377\0008\000.\0002\0003\000.\0002\000.\0002\000\040\000W\000I\000F\000I\000\137\000D\000i\000s\000c\000o\000n\000n\000e\000c\000t\000A\000P\000\050\000\051}{subsection.8.23.2}% 414
\BOOKMARK [3][-]{subsubsection.8.23.2.3}{\376\377\0008\000.\0002\0003\000.\0002\000.\0003\000\040\000W\000I\000F\000I\000\137\000G\000e\000t\000I\000P\000\050\000\051}{subsection.8.23.2}% 415
\BOOKMARK [3][-]{subsubsection.8.23.2.4}{\376\377\0008\000.\0002\0003\000.\0002\000.\0004\000\040\000W\000I\000F\000I\000\137\000G\000e\000t\000R\000S\000S\000I\000\050\000\051}{subsection.8.23.2}% 416
\BOOKMARK [3][-]{subsubsection.8.23.2.5}{\376\377\0008\000.\0002\0003\000.\0002\000.\0005\000\040\000W\000I\000F\000I\000\137\000G\000e\000t\000S\000t\000a\000t\000e\000\050\000\051}{subsection.8.23.2}% 417
\BOOKMARK [3][-]{subsubsection.8.23.2.6}{\376\377\0008\000.\0002\0003\000.\0002\000.\0006\000\040\000W\000I\000F\000I\000\137\000H\000T\000T\000P\000\137\000P\000o\000s\000t\000J\000S\000O\000N\000\050\000\051}{subsection.8.23.2}% 418
\BOOKMARK [3][-]{subsubsection.8.23.2.7}{\376\377\0008\000.\0002\0003\000.\0002\000.\0007\000\040\000W\000I\000F\000I\000\137\000I\000n\000i\000t\000\050\000\051}{subsection.8.23.2}% 419
\BOOKMARK [3][-]{subsubsection.8.23.2.8}{\376\377\0008\000.\0002\0003\000.\0002\000.\0008\000\040\000W\000I\000F\000I\000\137\000M\000Q\000T\000T\000\137\000C\000o\000n\000n\000e\000c\000t\000\050\000\051}{subsection.8.23.2}% 420
\BOOKMARK [3][-]{subsubsection.8.23.2.9}{\376\377\0008\000.\0002\0003\000.\0002\000.\0009\000\040\000W\000I\000F\000I\000\137\000M\000Q\000T\000T\000\137\000D\000i\000s\000c\000o\000n\000n\000e\000c\000t\000\050\000\051}{subsection.8.23.2}% 421
\BOOKMARK [3][-]{subsubsection.8.23.2.10}{\376\377\0008\000.\0002\0003\000.\0002\000.\0001\0000\000\040\000W\000I\000F\000I\000\137\000M\000Q\000T\000T\000\137\000P\000u\000b\000l\000i\000s\000h\000\050\000\051}{subsection.8.23.2}% 422
\BOOKMARK [3][-]{subsubsection.8.23.2.11}{\376\377\0008\000.\0002\0003\000.\0002\000.\0001\0001\000\040\000W\000I\000F\000I\000\137\000M\000Q\000T\000T\000\137\000S\000u\000b\000s\000c\000r\000i\000b\000e\000\050\000\051}{subsection.8.23.2}% 423
\BOOKMARK [3][-]{subsubsection.8.23.2.12}{\376\377\0008\000.\0002\0003\000.\0002\000.\0001\0002\000\040\000W\000I\000F\000I\000\137\000M\000Q\000T\000T\000\137\000U\000s\000e\000r\000C\000o\000n\000f\000i\000g\000\050\000\051}{subsection.8.23.2}% 424
\BOOKMARK [3][-]{subsubsection.8.23.2.13}{\376\377\0008\000.\0002\0003\000.\0002\000.\0001\0003\000\040\000W\000I\000F\000I\000\137\000P\000r\000o\000c\000e\000s\000s\000\050\000\051}{subsection.8.23.2}% 425
\BOOKMARK [3][-]{subsubsection.8.23.2.14}{\376\377\0008\000.\0002\0003\000.\0002\000.\0001\0004\000\040\000W\000I\000F\000I\000\137\000R\000e\000c\000o\000n\000n\000e\000c\000t\000\050\000\051}{subsection.8.23.2}% 426
\BOOKMARK [3][-]{subsubsection.8.23.2.15}{\376\377\0008\000.\0002\0003\000.\0002\000.\0001\0005\000\040\000W\000I\000F\000I\000\137\000R\000e\000s\000e\000t\000\050\000\051}{subsection.8.23.2}% 427
\BOOKMARK [3][-]{subsubsection.8.23.2.16}{\376\377\0008\000.\0002\0003\000.\0002\000.\0001\0006\000\040\000W\000I\000F\000I\000\137\000S\000e\000n\000d\000J\000S\000O\000N\000\050\000\051}{subsection.8.23.2}% 428
\BOOKMARK [3][-]{subsubsection.8.23.2.17}{\376\377\0008\000.\0002\0003\000.\0002\000.\0001\0007\000\040\000W\000I\000F\000I\000\137\000S\000e\000n\000d\000R\000a\000w\000\050\000\051}{subsection.8.23.2}% 429
\BOOKMARK [3][-]{subsubsection.8.23.2.18}{\376\377\0008\000.\0002\0003\000.\0002\000.\0001\0008\000\040\000W\000I\000F\000I\000\137\000S\000e\000t\000S\000t\000a\000t\000i\000o\000n\000M\000o\000d\000e\000\050\000\051}{subsection.8.23.2}% 430
\BOOKMARK [3][-]{subsubsection.8.23.2.19}{\376\377\0008\000.\0002\0003\000.\0002\000.\0001\0009\000\040\000W\000I\000F\000I\000\137\000T\000C\000P\000C\000l\000o\000s\000e\000\050\000\051}{subsection.8.23.2}% 431
\BOOKMARK [3][-]{subsubsection.8.23.2.20}{\376\377\0008\000.\0002\0003\000.\0002\000.\0002\0000\000\040\000W\000I\000F\000I\000\137\000T\000C\000P\000C\000o\000n\000n\000e\000c\000t\000\050\000\051}{subsection.8.23.2}% 432
\BOOKMARK [3][-]{subsubsection.8.23.2.21}{\376\377\0008\000.\0002\0003\000.\0002\000.\0002\0001\000\040\000W\000I\000F\000I\000\137\000T\000e\000s\000t\000\050\000\051}{subsection.8.23.2}% 433
\BOOKMARK [1][-]{section.8.24}{\376\377\0008\000.\0002\0004\000\040\000w\000i\000f\000i\000.\000h}{chapter.8}% 434
\BOOKMARK [1][-]{section.8.25}{\376\377\0008\000.\0002\0005\000\040\000R\000e\000f\000e\000r\000e\000n\000c\000i\000a\000\040\000d\000e\000l\000\040\000a\000r\000c\000h\000i\000v\000o\000\040\000C\000o\000r\000e\000/\000I\000n\000c\000/\000w\000i\000f\000i\000\137\000t\000y\000p\000e\000s\000.\000h}{chapter.8}% 435
\BOOKMARK [2][-]{subsection.8.25.1}{\376\377\0008\000.\0002\0005\000.\0001\000\040\000D\000e\000s\000c\000r\000i\000p\000c\000i\000\363\000n\000\040\000d\000e\000t\000a\000l\000l\000a\000d\000a}{section.8.25}% 436
\BOOKMARK [2][-]{subsection.8.25.2}{\376\377\0008\000.\0002\0005\000.\0002\000\040\000D\000o\000c\000u\000m\000e\000n\000t\000a\000c\000i\000\363\000n\000\040\000d\000e\000\040\000e\000n\000u\000m\000e\000r\000a\000c\000i\000o\000n\000e\000s}{section.8.25}% 437
\BOOKMARK [3][-]{subsubsection.8.25.2.1}{\376\377\0008\000.\0002\0005\000.\0002\000.\0001\000\040\000w\000i\000f\000i\000\137\000s\000t\000a\000t\000e\000\137\000t}{subsection.8.25.2}% 438
\BOOKMARK [3][-]{subsubsection.8.25.2.2}{\376\377\0008\000.\0002\0005\000.\0002\000.\0002\000\040\000w\000i\000f\000i\000\137\000s\000t\000a\000t\000u\000s\000\137\000t}{subsection.8.25.2}% 439
\BOOKMARK [1][-]{section.8.26}{\376\377\0008\000.\0002\0006\000\040\000w\000i\000f\000i\000\137\000t\000y\000p\000e\000s\000.\000h}{chapter.8}% 440
\BOOKMARK [1][-]{section.8.27}{\376\377\0008\000.\0002\0007\000\040\000R\000e\000f\000e\000r\000e\000n\000c\000i\000a\000\040\000d\000e\000l\000\040\000a\000r\000c\000h\000i\000v\000o\000\040\000C\000o\000r\000e\000/\000S\000r\000c\000/\000f\000o\000r\000m\000a\000t\000t\000e\000r\000\137\000d\000a\000t\000a\000.\000c}{chapter.8}% 441
\BOOKMARK [2][-]{subsection.8.27.1}{\376\377\0008\000.\0002\0007\000.\0001\000\040\000D\000e\000s\000c\000r\000i\000p\000c\000i\000\363\000n\000\040\000d\000e\000t\000a\000l\000l\000a\000d\000a}{section.8.27}% 442
\BOOKMARK [2][-]{subsection.8.27.2}{\376\377\0008\000.\0002\0007\000.\0002\000\040\000D\000o\000c\000u\000m\000e\000n\000t\000a\000c\000i\000\363\000n\000\040\000d\000e\000\040\000f\000u\000n\000c\000i\000o\000n\000e\000s}{section.8.27}% 443
\BOOKMARK [3][-]{subsubsection.8.27.2.1}{\376\377\0008\000.\0002\0007\000.\0002\000.\0001\000\040\000E\000n\000v\000D\000a\000t\000a\000\137\000t\000o\000\137\000j\000s\000o\000n\000\050\000\051}{subsection.8.27.2}% 444
\BOOKMARK [3][-]{subsubsection.8.27.2.2}{\376\377\0008\000.\0002\0007\000.\0002\000.\0002\000\040\000E\000n\000v\000D\000a\000t\000a\000P\000a\000c\000k\000e\000t\000\137\000I\000n\000i\000t\000\050\000\051}{subsection.8.27.2}% 445
\BOOKMARK [3][-]{subsubsection.8.27.2.3}{\376\377\0008\000.\0002\0007\000.\0002\000.\0003\000\040\000G\000p\000s\000D\000a\000t\000a\000\137\000t\000o\000\137\000j\000s\000o\000n\000\050\000\051}{subsection.8.27.2}% 446
\BOOKMARK [3][-]{subsubsection.8.27.2.4}{\376\377\0008\000.\0002\0007\000.\0002\000.\0004\000\040\000G\000p\000s\000D\000a\000t\000a\000P\000a\000c\000k\000e\000t\000\137\000I\000n\000i\000t\000\050\000\051}{subsection.8.27.2}% 447
\BOOKMARK [3][-]{subsubsection.8.27.2.5}{\376\377\0008\000.\0002\0007\000.\0002\000.\0005\000\040\000I\000m\000u\000D\000a\000t\000a\000\137\000t\000o\000\137\000j\000s\000o\000n\000\050\000\051}{subsection.8.27.2}% 448
\BOOKMARK [3][-]{subsubsection.8.27.2.6}{\376\377\0008\000.\0002\0007\000.\0002\000.\0006\000\040\000I\000m\000u\000D\000a\000t\000a\000P\000a\000c\000k\000e\000t\000\137\000I\000n\000i\000t\000\050\000\051}{subsection.8.27.2}% 449
\BOOKMARK [1][-]{section.8.28}{\376\377\0008\000.\0002\0008\000\040\000R\000e\000f\000e\000r\000e\000n\000c\000i\000a\000\040\000d\000e\000l\000\040\000a\000r\000c\000h\000i\000v\000o\000\040\000C\000o\000r\000e\000/\000S\000r\000c\000/\000f\000r\000e\000e\000r\000t\000o\000s\000.\000c}{chapter.8}% 450
\BOOKMARK [2][-]{subsection.8.28.1}{\376\377\0008\000.\0002\0008\000.\0001\000\040\000D\000e\000s\000c\000r\000i\000p\000c\000i\000\363\000n\000\040\000d\000e\000t\000a\000l\000l\000a\000d\000a}{section.8.28}% 451
\BOOKMARK [2][-]{subsection.8.28.2}{\376\377\0008\000.\0002\0008\000.\0002\000\040\000D\000o\000c\000u\000m\000e\000n\000t\000a\000c\000i\000\363\000n\000\040\000d\000e\000\040\000\253\000d\000e\000f\000i\000n\000e\000\273}{section.8.28}% 452
\BOOKMARK [3][-]{subsubsection.8.28.2.1}{\376\377\0008\000.\0002\0008\000.\0002\000.\0001\000\040\000P\000A\000Y\000L\000O\000A\000D\000\137\000L\000E\000N\000G\000H\000T}{subsection.8.28.2}% 453
\BOOKMARK [3][-]{subsubsection.8.28.2.2}{\376\377\0008\000.\0002\0008\000.\0002\000.\0002\000\040\000S\000E\000R\000V\000E\000R\000\137\000H\000O\000S\000T}{subsection.8.28.2}% 454
\BOOKMARK [3][-]{subsubsection.8.28.2.3}{\376\377\0008\000.\0002\0008\000.\0002\000.\0003\000\040\000W\000I\000F\000I\000\137\000T\000E\000S\000T\000\137\000P\000A\000S\000S}{subsection.8.28.2}% 455
\BOOKMARK [3][-]{subsubsection.8.28.2.4}{\376\377\0008\000.\0002\0008\000.\0002\000.\0004\000\040\000W\000I\000F\000I\000\137\000T\000E\000S\000T\000\137\000S\000S\000I\000D}{subsection.8.28.2}% 456
\BOOKMARK [2][-]{subsection.8.28.3}{\376\377\0008\000.\0002\0008\000.\0003\000\040\000D\000o\000c\000u\000m\000e\000n\000t\000a\000c\000i\000\363\000n\000\040\000d\000e\000\040\000f\000u\000n\000c\000i\000o\000n\000e\000s}{section.8.28}% 457
\BOOKMARK [3][-]{subsubsection.8.28.3.1}{\376\377\0008\000.\0002\0008\000.\0003\000.\0001\000\040\000M\000X\000\137\000F\000R\000E\000E\000R\000T\000O\000S\000\137\000I\000n\000i\000t\000\050\000\051}{subsection.8.28.3}% 458
\BOOKMARK [3][-]{subsubsection.8.28.3.2}{\376\377\0008\000.\0002\0008\000.\0003\000.\0002\000\040\000S\000t\000a\000r\000t\000G\000p\000s\000T\000a\000s\000k\000\050\000\051}{subsection.8.28.3}% 459
\BOOKMARK [3][-]{subsubsection.8.28.3.3}{\376\377\0008\000.\0002\0008\000.\0003\000.\0003\000\040\000S\000t\000a\000r\000t\000I\000m\000u\000T\000a\000s\000k\000\050\000\051}{subsection.8.28.3}% 460
\BOOKMARK [3][-]{subsubsection.8.28.3.4}{\376\377\0008\000.\0002\0008\000.\0003\000.\0004\000\040\000S\000t\000a\000r\000t\000P\000a\000c\000k\000e\000t\000T\000a\000s\000k\000\050\000\051}{subsection.8.28.3}% 461
\BOOKMARK [3][-]{subsubsection.8.28.3.5}{\376\377\0008\000.\0002\0008\000.\0003\000.\0005\000\040\000S\000t\000a\000r\000t\000W\000i\000f\000i\000T\000a\000s\000k\000\050\000\051}{subsection.8.28.3}% 462
\BOOKMARK [2][-]{subsection.8.28.4}{\376\377\0008\000.\0002\0008\000.\0004\000\040\000D\000o\000c\000u\000m\000e\000n\000t\000a\000c\000i\000\363\000n\000\040\000d\000e\000\040\000v\000a\000r\000i\000a\000b\000l\000e\000s}{section.8.28}% 463
\BOOKMARK [3][-]{subsubsection.8.28.4.1}{\376\377\0008\000.\0002\0008\000.\0004\000.\0001\000\040\000e\000n\000v\000P\000a\000c\000k\000e\000t}{subsection.8.28.4}% 464
\BOOKMARK [3][-]{subsubsection.8.28.4.2}{\376\377\0008\000.\0002\0008\000.\0004\000.\0002\000\040\000g\000p\000s\000\137\000s\000t}{subsection.8.28.4}% 465
\BOOKMARK [3][-]{subsubsection.8.28.4.3}{\376\377\0008\000.\0002\0008\000.\0004\000.\0003\000\040\000g\000p\000s\000D\000a\000t\000a\000U\000p\000d\000a\000t\000e\000d}{subsection.8.28.4}% 466
\BOOKMARK [3][-]{subsubsection.8.28.4.4}{\376\377\0008\000.\0002\0008\000.\0004\000.\0004\000\040\000g\000p\000s\000M\000u\000t\000e\000x}{subsection.8.28.4}% 467
\BOOKMARK [3][-]{subsubsection.8.28.4.5}{\376\377\0008\000.\0002\0008\000.\0004\000.\0005\000\040\000g\000p\000s\000P\000a\000c\000k\000e\000t}{subsection.8.28.4}% 468
\BOOKMARK [3][-]{subsubsection.8.28.4.6}{\376\377\0008\000.\0002\0008\000.\0004\000.\0006\000\040\000g\000p\000s\000P\000a\000c\000k\000e\000t\000T\000o\000S\000e\000n\000d}{subsection.8.28.4}% 469
\BOOKMARK [3][-]{subsubsection.8.28.4.7}{\376\377\0008\000.\0002\0008\000.\0004\000.\0007\000\040\000g\000p\000s\000P\000a\000c\000k\000e\000t\000T\000o\000U\000p\000d\000a\000t\000e}{subsection.8.28.4}% 470
\BOOKMARK [3][-]{subsubsection.8.28.4.8}{\376\377\0008\000.\0002\0008\000.\0004\000.\0008\000\040\000g\000p\000s\000T\000a\000s\000k\000\137\000a\000t\000t\000r\000i\000b\000u\000t\000e\000s}{subsection.8.28.4}% 471
\BOOKMARK [3][-]{subsubsection.8.28.4.9}{\376\377\0008\000.\0002\0008\000.\0004\000.\0009\000\040\000g\000p\000s\000T\000a\000s\000k\000H\000a\000n\000d\000l\000e}{subsection.8.28.4}% 472
\BOOKMARK [3][-]{subsubsection.8.28.4.10}{\376\377\0008\000.\0002\0008\000.\0004\000.\0001\0000\000\040\000h\000u\000a\000r\000t\0002}{subsection.8.28.4}% 473
\BOOKMARK [3][-]{subsubsection.8.28.4.11}{\376\377\0008\000.\0002\0008\000.\0004\000.\0001\0001\000\040\000h\000u\000a\000r\000t\0003}{subsection.8.28.4}% 474
\BOOKMARK [3][-]{subsubsection.8.28.4.12}{\376\377\0008\000.\0002\0008\000.\0004\000.\0001\0002\000\040\000i\000m\000u\000\137\000d\000a\000t\000a}{subsection.8.28.4}% 475
\BOOKMARK [3][-]{subsubsection.8.28.4.13}{\376\377\0008\000.\0002\0008\000.\0004\000.\0001\0003\000\040\000i\000m\000u\000D\000a\000t\000a\000U\000p\000d\000a\000t\000e\000d}{subsection.8.28.4}% 476
\BOOKMARK [3][-]{subsubsection.8.28.4.14}{\376\377\0008\000.\0002\0008\000.\0004\000.\0001\0004\000\040\000i\000m\000u\000M\000u\000t\000e\000x}{subsection.8.28.4}% 477
\BOOKMARK [3][-]{subsubsection.8.28.4.15}{\376\377\0008\000.\0002\0008\000.\0004\000.\0001\0005\000\040\000i\000m\000u\000P\000a\000c\000k\000e\000t}{subsection.8.28.4}% 478
\BOOKMARK [3][-]{subsubsection.8.28.4.16}{\376\377\0008\000.\0002\0008\000.\0004\000.\0001\0006\000\040\000i\000m\000u\000P\000a\000c\000k\000e\000t\000T\000o\000S\000e\000n\000d}{subsection.8.28.4}% 479
\BOOKMARK [3][-]{subsubsection.8.28.4.17}{\376\377\0008\000.\0002\0008\000.\0004\000.\0001\0007\000\040\000i\000m\000u\000P\000a\000c\000k\000e\000t\000T\000o\000U\000p\000d\000a\000t\000e}{subsection.8.28.4}% 480
\BOOKMARK [3][-]{subsubsection.8.28.4.18}{\376\377\0008\000.\0002\0008\000.\0004\000.\0001\0008\000\040\000i\000m\000u\000T\000a\000s\000k\000\137\000a\000t\000t\000r\000i\000b\000u\000t\000e\000s}{subsection.8.28.4}% 481
\BOOKMARK [3][-]{subsubsection.8.28.4.19}{\376\377\0008\000.\0002\0008\000.\0004\000.\0001\0009\000\040\000i\000m\000u\000T\000a\000s\000k\000H\000a\000n\000d\000l\000e}{subsection.8.28.4}% 482
\BOOKMARK [3][-]{subsubsection.8.28.4.20}{\376\377\0008\000.\0002\0008\000.\0004\000.\0002\0000\000\040\000p\000a\000c\000k\000e\000t\000M\000u\000t\000e\000x}{subsection.8.28.4}% 483
\BOOKMARK [3][-]{subsubsection.8.28.4.21}{\376\377\0008\000.\0002\0008\000.\0004\000.\0002\0001\000\040\000p\000a\000c\000k\000e\000t\000T\000a\000s\000k\000\137\000a\000t\000t\000r\000i\000b\000u\000t\000e\000s}{subsection.8.28.4}% 484
\BOOKMARK [3][-]{subsubsection.8.28.4.22}{\376\377\0008\000.\0002\0008\000.\0004\000.\0002\0002\000\040\000p\000a\000c\000k\000e\000t\000T\000a\000s\000k\000H\000a\000n\000d\000l\000e}{subsection.8.28.4}% 485
\BOOKMARK [3][-]{subsubsection.8.28.4.23}{\376\377\0008\000.\0002\0008\000.\0004\000.\0002\0003\000\040\000p\000a\000y\000l\000o\000a\000d\000\137\000e\000n\000v\000P\000a\000c\000k\000e\000t}{subsection.8.28.4}% 486
\BOOKMARK [3][-]{subsubsection.8.28.4.24}{\376\377\0008\000.\0002\0008\000.\0004\000.\0002\0004\000\040\000p\000a\000y\000l\000o\000a\000d\000\137\000g\000p\000s\000P\000a\000c\000k\000e\000t}{subsection.8.28.4}% 487
\BOOKMARK [3][-]{subsubsection.8.28.4.25}{\376\377\0008\000.\0002\0008\000.\0004\000.\0002\0005\000\040\000p\000a\000y\000l\000o\000a\000d\000\137\000i\000m\000u\000P\000a\000c\000k\000e\000t}{subsection.8.28.4}% 488
\BOOKMARK [3][-]{subsubsection.8.28.4.26}{\376\377\0008\000.\0002\0008\000.\0004\000.\0002\0006\000\040\000w\000i\000f\000i\000\137\000s\000t}{subsection.8.28.4}% 489
\BOOKMARK [3][-]{subsubsection.8.28.4.27}{\376\377\0008\000.\0002\0008\000.\0004\000.\0002\0007\000\040\000w\000i\000f\000i\000T\000a\000s\000k\000\137\000a\000t\000t\000r\000i\000b\000u\000t\000e\000s}{subsection.8.28.4}% 490
\BOOKMARK [3][-]{subsubsection.8.28.4.28}{\376\377\0008\000.\0002\0008\000.\0004\000.\0002\0008\000\040\000w\000i\000f\000i\000T\000a\000s\000k\000H\000a\000n\000d\000l\000e}{subsection.8.28.4}% 491
\BOOKMARK [1][-]{section.8.29}{\376\377\0008\000.\0002\0009\000\040\000R\000e\000f\000e\000r\000e\000n\000c\000i\000a\000\040\000d\000e\000l\000\040\000a\000r\000c\000h\000i\000v\000o\000\040\000C\000o\000r\000e\000/\000S\000r\000c\000/\000g\000p\000s\000.\000c}{chapter.8}% 492
\BOOKMARK [2][-]{subsection.8.29.1}{\376\377\0008\000.\0002\0009\000.\0001\000\040\000D\000e\000s\000c\000r\000i\000p\000c\000i\000\363\000n\000\040\000d\000e\000t\000a\000l\000l\000a\000d\000a}{section.8.29}% 493
\BOOKMARK [2][-]{subsection.8.29.2}{\376\377\0008\000.\0002\0009\000.\0002\000\040\000D\000o\000c\000u\000m\000e\000n\000t\000a\000c\000i\000\363\000n\000\040\000d\000e\000\040\000f\000u\000n\000c\000i\000o\000n\000e\000s}{section.8.29}% 494
\BOOKMARK [3][-]{subsubsection.8.29.2.1}{\376\377\0008\000.\0002\0009\000.\0002\000.\0001\000\040\000G\000P\000S\000\137\000D\000a\000t\000a\000V\000a\000l\000i\000d\000\050\000\051}{subsection.8.29.2}% 495
\BOOKMARK [3][-]{subsubsection.8.29.2.2}{\376\377\0008\000.\0002\0009\000.\0002\000.\0002\000\040\000G\000P\000S\000\137\000G\000e\000t\000D\000a\000t\000a\000\050\000\051}{subsection.8.29.2}% 496
\BOOKMARK [3][-]{subsubsection.8.29.2.3}{\376\377\0008\000.\0002\0009\000.\0002\000.\0003\000\040\000G\000P\000S\000\137\000I\000n\000i\000t\000\050\000\051}{subsection.8.29.2}% 497
\BOOKMARK [3][-]{subsubsection.8.29.2.4}{\376\377\0008\000.\0002\0009\000.\0002\000.\0004\000\040\000g\000p\000s\000\137\000n\000m\000e\000a\000\137\000t\000o\000\137\000d\000e\000c\000i\000m\000a\000l\000\050\000\051}{subsection.8.29.2}% 498
\BOOKMARK [3][-]{subsubsection.8.29.2.5}{\376\377\0008\000.\0002\0009\000.\0002\000.\0005\000\040\000g\000p\000s\000\137\000p\000a\000r\000s\000e\000\137\000g\000g\000a\000\050\000\051}{subsection.8.29.2}% 499
\BOOKMARK [3][-]{subsubsection.8.29.2.6}{\376\377\0008\000.\0002\0009\000.\0002\000.\0006\000\040\000g\000p\000s\000\137\000p\000a\000r\000s\000e\000\137\000r\000m\000c\000\050\000\051}{subsection.8.29.2}% 500
\BOOKMARK [3][-]{subsubsection.8.29.2.7}{\376\377\0008\000.\0002\0009\000.\0002\000.\0007\000\040\000G\000P\000S\000\137\000P\000r\000o\000c\000e\000s\000s\000\050\000\051}{subsection.8.29.2}% 501
\BOOKMARK [3][-]{subsubsection.8.29.2.8}{\376\377\0008\000.\0002\0009\000.\0002\000.\0008\000\040\000G\000P\000S\000\137\000R\000e\000s\000t\000a\000r\000t\000R\000e\000c\000e\000i\000v\000e\000\050\000\051}{subsection.8.29.2}% 502
\BOOKMARK [3][-]{subsubsection.8.29.2.9}{\376\377\0008\000.\0002\0009\000.\0002\000.\0009\000\040\000g\000p\000s\000\137\000r\000x\000\137\000p\000o\000p\000\050\000\051}{subsection.8.29.2}% 503
\BOOKMARK [3][-]{subsubsection.8.29.2.10}{\376\377\0008\000.\0002\0009\000.\0002\000.\0001\0000\000\040\000g\000p\000s\000\137\000r\000x\000\137\000p\000u\000s\000h\000\050\000\051}{subsection.8.29.2}% 504
\BOOKMARK [3][-]{subsubsection.8.29.2.11}{\376\377\0008\000.\0002\0009\000.\0002\000.\0001\0001\000\040\000G\000P\000S\000\137\000U\000A\000R\000T\000C\000a\000l\000l\000b\000a\000c\000k\000\050\000\051}{subsection.8.29.2}% 505
\BOOKMARK [1][-]{section.8.30}{\376\377\0008\000.\0003\0000\000\040\000R\000e\000f\000e\000r\000e\000n\000c\000i\000a\000\040\000d\000e\000l\000\040\000a\000r\000c\000h\000i\000v\000o\000\040\000C\000o\000r\000e\000/\000S\000r\000c\000/\000s\000e\000n\000s\000o\000r\0001\0000\000D\000o\000F\000.\000c}{chapter.8}% 506
\BOOKMARK [2][-]{subsection.8.30.1}{\376\377\0008\000.\0003\0000\000.\0001\000\040\000D\000e\000s\000c\000r\000i\000p\000c\000i\000\363\000n\000\040\000d\000e\000t\000a\000l\000l\000a\000d\000a}{section.8.30}% 507
\BOOKMARK [2][-]{subsection.8.30.2}{\376\377\0008\000.\0003\0000\000.\0002\000\040\000D\000o\000c\000u\000m\000e\000n\000t\000a\000c\000i\000\363\000n\000\040\000d\000e\000\040\000f\000u\000n\000c\000i\000o\000n\000e\000s}{section.8.30}% 508
\BOOKMARK [3][-]{subsubsection.8.30.2.1}{\376\377\0008\000.\0003\0000\000.\0002\000.\0001\000\040\000A\000C\000C\000\137\000I\000n\000i\000t\000\050\000\051}{subsection.8.30.2}% 509
\BOOKMARK [3][-]{subsubsection.8.30.2.2}{\376\377\0008\000.\0003\0000\000.\0002\000.\0002\000\040\000B\000M\000P\0001\0008\0000\000\137\000R\000e\000a\000d\000C\000a\000l\000i\000b\000r\000a\000t\000i\000o\000n\000\050\000\051}{subsection.8.30.2}% 510
\BOOKMARK [3][-]{subsubsection.8.30.2.3}{\376\377\0008\000.\0003\0000\000.\0002\000.\0003\000\040\000B\000M\000P\0001\0008\0000\000\137\000R\000e\000a\000d\000U\000P\000\050\000\051}{subsection.8.30.2}% 511
\BOOKMARK [3][-]{subsubsection.8.30.2.4}{\376\377\0008\000.\0003\0000\000.\0002\000.\0004\000\040\000B\000M\000P\0001\0008\0000\000\137\000R\000e\000a\000d\000U\000T\000\050\000\051}{subsection.8.30.2}% 512
\BOOKMARK [3][-]{subsubsection.8.30.2.5}{\376\377\0008\000.\0003\0000\000.\0002\000.\0005\000\040\000G\000Y\000R\000\137\000I\000n\000i\000t\000\050\000\051}{subsection.8.30.2}% 513
\BOOKMARK [3][-]{subsubsection.8.30.2.6}{\376\377\0008\000.\0003\0000\000.\0002\000.\0006\000\040\000I\0002\000C\000\137\000R\000e\000a\000d\000\050\000\051}{subsection.8.30.2}% 514
\BOOKMARK [3][-]{subsubsection.8.30.2.7}{\376\377\0008\000.\0003\0000\000.\0002\000.\0007\000\040\000I\0002\000C\000\137\000W\000r\000i\000t\000e\000\050\000\051}{subsection.8.30.2}% 515
\BOOKMARK [3][-]{subsubsection.8.30.2.8}{\376\377\0008\000.\0003\0000\000.\0002\000.\0008\000\040\000M\000A\000G\000\137\000I\000n\000i\000t\000\050\000\051}{subsection.8.30.2}% 516
\BOOKMARK [3][-]{subsubsection.8.30.2.9}{\376\377\0008\000.\0003\0000\000.\0002\000.\0009\000\040\000S\000e\000n\000s\000o\000r\0001\0000\000D\000o\000F\000\137\000C\000a\000l\000i\000b\000r\000a\000t\000e\000\050\000\051}{subsection.8.30.2}% 517
\BOOKMARK [3][-]{subsubsection.8.30.2.10}{\376\377\0008\000.\0003\0000\000.\0002\000.\0001\0000\000\040\000S\000e\000n\000s\000o\000r\0001\0000\000D\000o\000F\000\137\000C\000a\000l\000i\000b\000r\000a\000t\000e\000G\000y\000r\000o\000\137\000I\000n\000t\000e\000r\000n\000a\000l\000\050\000\051}{subsection.8.30.2}% 518
\BOOKMARK [3][-]{subsubsection.8.30.2.11}{\376\377\0008\000.\0003\0000\000.\0002\000.\0001\0001\000\040\000S\000e\000n\000s\000o\000r\0001\0000\000D\000o\000F\000\137\000I\0002\000C\000R\000e\000c\000o\000v\000e\000r\000\050\000\051}{subsection.8.30.2}% 519
\BOOKMARK [3][-]{subsubsection.8.30.2.12}{\376\377\0008\000.\0003\0000\000.\0002\000.\0001\0002\000\040\000S\000e\000n\000s\000o\000r\0001\0000\000D\000o\000F\000\137\000I\000n\000i\000t\000\050\000\051}{subsection.8.30.2}% 520
\BOOKMARK [3][-]{subsubsection.8.30.2.13}{\376\377\0008\000.\0003\0000\000.\0002\000.\0001\0003\000\040\000S\000e\000n\000s\000o\000r\0001\0000\000D\000o\000F\000\137\000R\000e\000a\000d\000\050\000\051}{subsection.8.30.2}% 521
\BOOKMARK [3][-]{subsubsection.8.30.2.14}{\376\377\0008\000.\0003\0000\000.\0002\000.\0001\0004\000\040\000S\000e\000n\000s\000o\000r\0001\0000\000D\000o\000F\000\137\000R\000e\000s\000e\000t\000\050\000\051}{subsection.8.30.2}% 522
\BOOKMARK [2][-]{subsection.8.30.3}{\376\377\0008\000.\0003\0000\000.\0003\000\040\000D\000o\000c\000u\000m\000e\000n\000t\000a\000c\000i\000\363\000n\000\040\000d\000e\000\040\000v\000a\000r\000i\000a\000b\000l\000e\000s}{section.8.30}% 523
\BOOKMARK [3][-]{subsubsection.8.30.3.1}{\376\377\0008\000.\0003\0000\000.\0003\000.\0001\000\040\000A\000C\0001}{subsection.8.30.3}% 524
\BOOKMARK [3][-]{subsubsection.8.30.3.2}{\376\377\0008\000.\0003\0000\000.\0003\000.\0002\000\040\000A\000C\0002}{subsection.8.30.3}% 525
\BOOKMARK [3][-]{subsubsection.8.30.3.3}{\376\377\0008\000.\0003\0000\000.\0003\000.\0003\000\040\000A\000C\0003}{subsection.8.30.3}% 526
\BOOKMARK [3][-]{subsubsection.8.30.3.4}{\376\377\0008\000.\0003\0000\000.\0003\000.\0004\000\040\000A\000C\0004}{subsection.8.30.3}% 527
\BOOKMARK [3][-]{subsubsection.8.30.3.5}{\376\377\0008\000.\0003\0000\000.\0003\000.\0005\000\040\000A\000C\0005}{subsection.8.30.3}% 528
\BOOKMARK [3][-]{subsubsection.8.30.3.6}{\376\377\0008\000.\0003\0000\000.\0003\000.\0006\000\040\000A\000C\0006}{subsection.8.30.3}% 529
\BOOKMARK [3][-]{subsubsection.8.30.3.7}{\376\377\0008\000.\0003\0000\000.\0003\000.\0007\000\040\000B\0001}{subsection.8.30.3}% 530
\BOOKMARK [3][-]{subsubsection.8.30.3.8}{\376\377\0008\000.\0003\0000\000.\0003\000.\0008\000\040\000B\0002}{subsection.8.30.3}% 531
\BOOKMARK [3][-]{subsubsection.8.30.3.9}{\376\377\0008\000.\0003\0000\000.\0003\000.\0009\000\040\000g\000y\000r\000o\000\137\000x\000\137\000o\000f\000f\000s\000e\000t}{subsection.8.30.3}% 532
\BOOKMARK [3][-]{subsubsection.8.30.3.10}{\376\377\0008\000.\0003\0000\000.\0003\000.\0001\0000\000\040\000g\000y\000r\000o\000\137\000y\000\137\000o\000f\000f\000s\000e\000t}{subsection.8.30.3}% 533
\BOOKMARK [3][-]{subsubsection.8.30.3.11}{\376\377\0008\000.\0003\0000\000.\0003\000.\0001\0001\000\040\000g\000y\000r\000o\000\137\000z\000\137\000o\000f\000f\000s\000e\000t}{subsection.8.30.3}% 534
\BOOKMARK [3][-]{subsubsection.8.30.3.12}{\376\377\0008\000.\0003\0000\000.\0003\000.\0001\0002\000\040\000h\000i\0002\000c\0001}{subsection.8.30.3}% 535
\BOOKMARK [3][-]{subsubsection.8.30.3.13}{\376\377\0008\000.\0003\0000\000.\0003\000.\0001\0003\000\040\000M\000B}{subsection.8.30.3}% 536
\BOOKMARK [3][-]{subsubsection.8.30.3.14}{\376\377\0008\000.\0003\0000\000.\0003\000.\0001\0004\000\040\000M\000C}{subsection.8.30.3}% 537
\BOOKMARK [3][-]{subsubsection.8.30.3.15}{\376\377\0008\000.\0003\0000\000.\0003\000.\0001\0005\000\040\000M\000D}{subsection.8.30.3}% 538
\BOOKMARK [1][-]{section.8.31}{\376\377\0008\000.\0003\0001\000\040\000R\000e\000f\000e\000r\000e\000n\000c\000i\000a\000\040\000d\000e\000l\000\040\000a\000r\000c\000h\000i\000v\000o\000\040\000C\000o\000r\000e\000/\000S\000r\000c\000/\000s\000t\000m\0003\0002\000f\0004\000x\000x\000\137\000h\000a\000l\000\137\000m\000s\000p\000.\000c}{chapter.8}% 539
\BOOKMARK [2][-]{subsection.8.31.1}{\376\377\0008\000.\0003\0001\000.\0001\000\040\000D\000e\000s\000c\000r\000i\000p\000c\000i\000\363\000n\000\040\000d\000e\000t\000a\000l\000l\000a\000d\000a}{section.8.31}% 540
\BOOKMARK [2][-]{subsection.8.31.2}{\376\377\0008\000.\0003\0001\000.\0002\000\040\000D\000o\000c\000u\000m\000e\000n\000t\000a\000c\000i\000\363\000n\000\040\000d\000e\000\040\000f\000u\000n\000c\000i\000o\000n\000e\000s}{section.8.31}% 541
\BOOKMARK [3][-]{subsubsection.8.31.2.1}{\376\377\0008\000.\0003\0001\000.\0002\000.\0001\000\040\000H\000A\000L\000\137\000M\000s\000p\000I\000n\000i\000t\000\050\000\051}{subsection.8.31.2}% 542
\BOOKMARK [1][-]{section.8.32}{\376\377\0008\000.\0003\0002\000\040\000R\000e\000f\000e\000r\000e\000n\000c\000i\000a\000\040\000d\000e\000l\000\040\000a\000r\000c\000h\000i\000v\000o\000\040\000C\000o\000r\000e\000/\000S\000r\000c\000/\000s\000t\000m\0003\0002\000f\0004\000x\000x\000\137\000h\000a\000l\000\137\000t\000i\000m\000e\000b\000a\000s\000e\000\137\000t\000i\000m\000.\000c}{chapter.8}% 543
\BOOKMARK [2][-]{subsection.8.32.1}{\376\377\0008\000.\0003\0002\000.\0001\000\040\000D\000e\000s\000c\000r\000i\000p\000c\000i\000\363\000n\000\040\000d\000e\000t\000a\000l\000l\000a\000d\000a}{section.8.32}% 544
\BOOKMARK [2][-]{subsection.8.32.2}{\376\377\0008\000.\0003\0002\000.\0002\000\040\000D\000o\000c\000u\000m\000e\000n\000t\000a\000c\000i\000\363\000n\000\040\000d\000e\000\040\000f\000u\000n\000c\000i\000o\000n\000e\000s}{section.8.32}% 545
\BOOKMARK [3][-]{subsubsection.8.32.2.1}{\376\377\0008\000.\0003\0002\000.\0002\000.\0001\000\040\000H\000A\000L\000\137\000I\000n\000i\000t\000T\000i\000c\000k\000\050\000\051}{subsection.8.32.2}% 546
\BOOKMARK [3][-]{subsubsection.8.32.2.2}{\376\377\0008\000.\0003\0002\000.\0002\000.\0002\000\040\000H\000A\000L\000\137\000R\000e\000s\000u\000m\000e\000T\000i\000c\000k\000\050\000\051}{subsection.8.32.2}% 547
\BOOKMARK [3][-]{subsubsection.8.32.2.3}{\376\377\0008\000.\0003\0002\000.\0002\000.\0003\000\040\000H\000A\000L\000\137\000S\000u\000s\000p\000e\000n\000d\000T\000i\000c\000k\000\050\000\051}{subsection.8.32.2}% 548
\BOOKMARK [2][-]{subsection.8.32.3}{\376\377\0008\000.\0003\0002\000.\0003\000\040\000D\000o\000c\000u\000m\000e\000n\000t\000a\000c\000i\000\363\000n\000\040\000d\000e\000\040\000v\000a\000r\000i\000a\000b\000l\000e\000s}{section.8.32}% 549
\BOOKMARK [3][-]{subsubsection.8.32.3.1}{\376\377\0008\000.\0003\0002\000.\0003\000.\0001\000\040\000h\000t\000i\000m\0002}{subsection.8.32.3}% 550
\BOOKMARK [1][-]{section.8.33}{\376\377\0008\000.\0003\0003\000\040\000R\000e\000f\000e\000r\000e\000n\000c\000i\000a\000\040\000d\000e\000l\000\040\000a\000r\000c\000h\000i\000v\000o\000\040\000C\000o\000r\000e\000/\000S\000r\000c\000/\000s\000y\000s\000c\000a\000l\000l\000s\000.\000c}{chapter.8}% 551
\BOOKMARK [2][-]{subsection.8.33.1}{\376\377\0008\000.\0003\0003\000.\0001\000\040\000D\000e\000s\000c\000r\000i\000p\000c\000i\000\363\000n\000\040\000d\000e\000t\000a\000l\000l\000a\000d\000a}{section.8.33}% 552
\BOOKMARK [2][-]{subsection.8.33.2}{\376\377\0008\000.\0003\0003\000.\0002\000\040\000D\000o\000c\000u\000m\000e\000n\000t\000a\000c\000i\000\363\000n\000\040\000d\000e\000\040\000f\000u\000n\000c\000i\000o\000n\000e\000s}{section.8.33}% 553
\BOOKMARK [3][-]{subsubsection.8.33.2.1}{\376\377\0008\000.\0003\0003\000.\0002\000.\0001\000\040\000\137\000\137\000a\000t\000t\000r\000i\000b\000u\000t\000e\000\137\000\137\000\050\000\051}{subsection.8.33.2}% 554
\BOOKMARK [3][-]{subsubsection.8.33.2.2}{\376\377\0008\000.\0003\0003\000.\0002\000.\0002\000\040\000\137\000\137\000i\000o\000\137\000g\000e\000t\000c\000h\000a\000r\000\050\000\051}{subsection.8.33.2}% 555
\BOOKMARK [3][-]{subsubsection.8.33.2.3}{\376\377\0008\000.\0003\0003\000.\0002\000.\0003\000\040\000\137\000\137\000i\000o\000\137\000p\000u\000t\000c\000h\000a\000r\000\050\000\051}{subsection.8.33.2}% 556
\BOOKMARK [3][-]{subsubsection.8.33.2.4}{\376\377\0008\000.\0003\0003\000.\0002\000.\0004\000\040\000\137\000c\000l\000o\000s\000e\000\050\000\051}{subsection.8.33.2}% 557
\BOOKMARK [3][-]{subsubsection.8.33.2.5}{\376\377\0008\000.\0003\0003\000.\0002\000.\0005\000\040\000\137\000e\000x\000e\000c\000v\000e\000\050\000\051}{subsection.8.33.2}% 558
\BOOKMARK [3][-]{subsubsection.8.33.2.6}{\376\377\0008\000.\0003\0003\000.\0002\000.\0006\000\040\000\137\000e\000x\000i\000t\000\050\000\051}{subsection.8.33.2}% 559
\BOOKMARK [3][-]{subsubsection.8.33.2.7}{\376\377\0008\000.\0003\0003\000.\0002\000.\0007\000\040\000\137\000f\000o\000r\000k\000\050\000\051}{subsection.8.33.2}% 560
\BOOKMARK [3][-]{subsubsection.8.33.2.8}{\376\377\0008\000.\0003\0003\000.\0002\000.\0008\000\040\000\137\000f\000s\000t\000a\000t\000\050\000\051}{subsection.8.33.2}% 561
\BOOKMARK [3][-]{subsubsection.8.33.2.9}{\376\377\0008\000.\0003\0003\000.\0002\000.\0009\000\040\000\137\000g\000e\000t\000p\000i\000d\000\050\000\051}{subsection.8.33.2}% 562
\BOOKMARK [3][-]{subsubsection.8.33.2.10}{\376\377\0008\000.\0003\0003\000.\0002\000.\0001\0000\000\040\000\137\000i\000s\000a\000t\000t\000y\000\050\000\051}{subsection.8.33.2}% 563
\BOOKMARK [3][-]{subsubsection.8.33.2.11}{\376\377\0008\000.\0003\0003\000.\0002\000.\0001\0001\000\040\000\137\000k\000i\000l\000l\000\050\000\051}{subsection.8.33.2}% 564
\BOOKMARK [3][-]{subsubsection.8.33.2.12}{\376\377\0008\000.\0003\0003\000.\0002\000.\0001\0002\000\040\000\137\000l\000i\000n\000k\000\050\000\051}{subsection.8.33.2}% 565
\BOOKMARK [3][-]{subsubsection.8.33.2.13}{\376\377\0008\000.\0003\0003\000.\0002\000.\0001\0003\000\040\000\137\000l\000s\000e\000e\000k\000\050\000\051}{subsection.8.33.2}% 566
\BOOKMARK [3][-]{subsubsection.8.33.2.14}{\376\377\0008\000.\0003\0003\000.\0002\000.\0001\0004\000\040\000\137\000o\000p\000e\000n\000\050\000\051}{subsection.8.33.2}% 567
\BOOKMARK [3][-]{subsubsection.8.33.2.15}{\376\377\0008\000.\0003\0003\000.\0002\000.\0001\0005\000\040\000\137\000s\000t\000a\000t\000\050\000\051}{subsection.8.33.2}% 568
\BOOKMARK [3][-]{subsubsection.8.33.2.16}{\376\377\0008\000.\0003\0003\000.\0002\000.\0001\0006\000\040\000\137\000t\000i\000m\000e\000s\000\050\000\051}{subsection.8.33.2}% 569
\BOOKMARK [3][-]{subsubsection.8.33.2.17}{\376\377\0008\000.\0003\0003\000.\0002\000.\0001\0007\000\040\000\137\000u\000n\000l\000i\000n\000k\000\050\000\051}{subsection.8.33.2}% 570
\BOOKMARK [3][-]{subsubsection.8.33.2.18}{\376\377\0008\000.\0003\0003\000.\0002\000.\0001\0008\000\040\000\137\000w\000a\000i\000t\000\050\000\051}{subsection.8.33.2}% 571
\BOOKMARK [3][-]{subsubsection.8.33.2.19}{\376\377\0008\000.\0003\0003\000.\0002\000.\0001\0009\000\040\000i\000n\000i\000t\000i\000a\000l\000i\000s\000e\000\137\000m\000o\000n\000i\000t\000o\000r\000\137\000h\000a\000n\000d\000l\000e\000s\000\050\000\051}{subsection.8.33.2}% 572
\BOOKMARK [2][-]{subsection.8.33.3}{\376\377\0008\000.\0003\0003\000.\0003\000\040\000D\000o\000c\000u\000m\000e\000n\000t\000a\000c\000i\000\363\000n\000\040\000d\000e\000\040\000v\000a\000r\000i\000a\000b\000l\000e\000s}{section.8.33}% 573
\BOOKMARK [3][-]{subsubsection.8.33.3.1}{\376\377\0008\000.\0003\0003\000.\0003\000.\0001\000\040\000e\000n\000v\000i\000r\000o\000n}{subsection.8.33.3}% 574
\BOOKMARK [1][-]{section.8.34}{\376\377\0008\000.\0003\0004\000\040\000R\000e\000f\000e\000r\000e\000n\000c\000i\000a\000\040\000d\000e\000l\000\040\000a\000r\000c\000h\000i\000v\000o\000\040\000C\000o\000r\000e\000/\000S\000r\000c\000/\000w\000i\000f\000i\000.\000c}{chapter.8}% 575
\BOOKMARK [2][-]{subsection.8.34.1}{\376\377\0008\000.\0003\0004\000.\0001\000\040\000D\000e\000s\000c\000r\000i\000p\000c\000i\000\363\000n\000\040\000d\000e\000t\000a\000l\000l\000a\000d\000a}{section.8.34}% 576
\BOOKMARK [2][-]{subsection.8.34.2}{\376\377\0008\000.\0003\0004\000.\0002\000\040\000D\000o\000c\000u\000m\000e\000n\000t\000a\000c\000i\000\363\000n\000\040\000d\000e\000\040\000\253\000d\000e\000f\000i\000n\000e\000\273}{section.8.34}% 577
\BOOKMARK [3][-]{subsubsection.8.34.2.1}{\376\377\0008\000.\0003\0004\000.\0002\000.\0001\000\040\000R\000I\000N\000G\000\137\000B\000U\000F\000F\000E\000R\000\137\000S\000I\000Z\000E}{subsection.8.34.2}% 578
\BOOKMARK [2][-]{subsection.8.34.3}{\376\377\0008\000.\0003\0004\000.\0003\000\040\000D\000o\000c\000u\000m\000e\000n\000t\000a\000c\000i\000\363\000n\000\040\000d\000e\000\040\000f\000u\000n\000c\000i\000o\000n\000e\000s}{section.8.34}% 579
\BOOKMARK [3][-]{subsubsection.8.34.3.1}{\376\377\0008\000.\0003\0004\000.\0003\000.\0001\000\040\000f\000l\000u\000s\000h\000\137\000r\000i\000n\000g\000\137\000b\000u\000f\000f\000e\000r\000\050\000\051}{subsection.8.34.3}% 580
\BOOKMARK [3][-]{subsubsection.8.34.3.2}{\376\377\0008\000.\0003\0004\000.\0003\000.\0002\000\040\000g\000e\000t\000\137\000d\000m\000a\000\137\000w\000r\000i\000t\000e\000\137\000i\000n\000d\000e\000x\000\050\000\051}{subsection.8.34.3}% 581
\BOOKMARK [3][-]{subsubsection.8.34.3.3}{\376\377\0008\000.\0003\0004\000.\0003\000.\0003\000\040\000H\000A\000L\000\137\000U\000A\000R\000T\000\137\000T\000x\000C\000p\000l\000t\000C\000a\000l\000l\000b\000a\000c\000k\000\050\000\051}{subsection.8.34.3}% 582
\BOOKMARK [3][-]{subsubsection.8.34.3.4}{\376\377\0008\000.\0003\0004\000.\0003\000.\0004\000\040\000s\000e\000a\000r\000c\000h\000\137\000i\000n\000\137\000r\000i\000n\000g\000\137\000b\000u\000f\000f\000e\000r\000\050\000\051}{subsection.8.34.3}% 583
\BOOKMARK [3][-]{subsubsection.8.34.3.5}{\376\377\0008\000.\0003\0004\000.\0003\000.\0005\000\040\000W\000I\000F\000I\000\137\000C\000o\000n\000n\000e\000c\000t\000A\000P\000\050\000\051}{subsection.8.34.3}% 584
\BOOKMARK [3][-]{subsubsection.8.34.3.6}{\376\377\0008\000.\0003\0004\000.\0003\000.\0006\000\040\000W\000I\000F\000I\000\137\000D\000i\000s\000c\000o\000n\000n\000e\000c\000t\000A\000P\000\050\000\051}{subsection.8.34.3}% 585
\BOOKMARK [3][-]{subsubsection.8.34.3.7}{\376\377\0008\000.\0003\0004\000.\0003\000.\0007\000\040\000W\000I\000F\000I\000\137\000G\000e\000t\000S\000t\000a\000t\000e\000\050\000\051}{subsection.8.34.3}% 586
\BOOKMARK [3][-]{subsubsection.8.34.3.8}{\376\377\0008\000.\0003\0004\000.\0003\000.\0008\000\040\000W\000I\000F\000I\000\137\000I\000n\000i\000t\000\050\000\051}{subsection.8.34.3}% 587
\BOOKMARK [3][-]{subsubsection.8.34.3.9}{\376\377\0008\000.\0003\0004\000.\0003\000.\0009\000\040\000W\000I\000F\000I\000\137\000M\000Q\000T\000T\000\137\000C\000o\000n\000n\000e\000c\000t\000\050\000\051}{subsection.8.34.3}% 588
\BOOKMARK [3][-]{subsubsection.8.34.3.10}{\376\377\0008\000.\0003\0004\000.\0003\000.\0001\0000\000\040\000W\000I\000F\000I\000\137\000M\000Q\000T\000T\000\137\000D\000i\000s\000c\000o\000n\000n\000e\000c\000t\000\050\000\051}{subsection.8.34.3}% 589
\BOOKMARK [3][-]{subsubsection.8.34.3.11}{\376\377\0008\000.\0003\0004\000.\0003\000.\0001\0001\000\040\000W\000I\000F\000I\000\137\000M\000Q\000T\000T\000\137\000P\000u\000b\000l\000i\000s\000h\000\050\000\051}{subsection.8.34.3}% 590
\BOOKMARK [3][-]{subsubsection.8.34.3.12}{\376\377\0008\000.\0003\0004\000.\0003\000.\0001\0002\000\040\000W\000I\000F\000I\000\137\000M\000Q\000T\000T\000\137\000U\000s\000e\000r\000C\000o\000n\000f\000i\000g\000\050\000\051}{subsection.8.34.3}% 591
\BOOKMARK [3][-]{subsubsection.8.34.3.13}{\376\377\0008\000.\0003\0004\000.\0003\000.\0001\0003\000\040\000W\000I\000F\000I\000\137\000R\000e\000c\000o\000n\000n\000e\000c\000t\000\050\000\051}{subsection.8.34.3}% 592
\BOOKMARK [3][-]{subsubsection.8.34.3.14}{\376\377\0008\000.\0003\0004\000.\0003\000.\0001\0004\000\040\000W\000I\000F\000I\000\137\000R\000e\000s\000e\000t\000\050\000\051}{subsection.8.34.3}% 593
\BOOKMARK [3][-]{subsubsection.8.34.3.15}{\376\377\0008\000.\0003\0004\000.\0003\000.\0001\0005\000\040\000w\000i\000f\000i\000\137\000s\000e\000n\000d\000\137\000c\000m\000d\000\050\000\051}{subsection.8.34.3}% 594
\BOOKMARK [3][-]{subsubsection.8.34.3.16}{\376\377\0008\000.\0003\0004\000.\0003\000.\0001\0006\000\040\000W\000I\000F\000I\000\137\000S\000e\000t\000S\000t\000a\000t\000i\000o\000n\000M\000o\000d\000e\000\050\000\051}{subsection.8.34.3}% 595
\BOOKMARK [3][-]{subsubsection.8.34.3.17}{\376\377\0008\000.\0003\0004\000.\0003\000.\0001\0007\000\040\000W\000I\000F\000I\000\137\000T\000e\000s\000t\000\050\000\051}{subsection.8.34.3}% 596
\BOOKMARK [2][-]{subsection.8.34.4}{\376\377\0008\000.\0003\0004\000.\0004\000\040\000D\000o\000c\000u\000m\000e\000n\000t\000a\000c\000i\000\363\000n\000\040\000d\000e\000\040\000v\000a\000r\000i\000a\000b\000l\000e\000s}{section.8.34}% 597
\BOOKMARK [3][-]{subsubsection.8.34.4.1}{\376\377\0008\000.\0003\0004\000.\0004\000.\0001\000\040\000c\000a\000c\000h\000e\000d\000\137\000b\000r\000o\000k\000e\000r}{subsection.8.34.4}% 598
\BOOKMARK [3][-]{subsubsection.8.34.4.2}{\376\377\0008\000.\0003\0004\000.\0004\000.\0002\000\040\000c\000a\000c\000h\000e\000d\000\137\000c\000l\000i\000e\000n\000t\000\137\000i\000d}{subsection.8.34.4}% 599
\BOOKMARK [3][-]{subsubsection.8.34.4.3}{\376\377\0008\000.\0003\0004\000.\0004\000.\0003\000\040\000c\000a\000c\000h\000e\000d\000\137\000p\000a\000s\000s}{subsection.8.34.4}% 600
\BOOKMARK [3][-]{subsubsection.8.34.4.4}{\376\377\0008\000.\0003\0004\000.\0004\000.\0004\000\040\000c\000a\000c\000h\000e\000d\000\137\000p\000o\000r\000t}{subsection.8.34.4}% 601
\BOOKMARK [3][-]{subsubsection.8.34.4.5}{\376\377\0008\000.\0003\0004\000.\0004\000.\0005\000\040\000c\000a\000c\000h\000e\000d\000\137\000s\000s\000i\000d}{subsection.8.34.4}% 602
\BOOKMARK [3][-]{subsubsection.8.34.4.6}{\376\377\0008\000.\0003\0004\000.\0004\000.\0006\000\040\000r\000e\000a\000d\000\137\000i\000n\000d\000e\000x}{subsection.8.34.4}% 603
\BOOKMARK [3][-]{subsubsection.8.34.4.7}{\376\377\0008\000.\0003\0004\000.\0004\000.\0007\000\040\000r\000i\000n\000g\000\137\000b\000u\000f\000f\000e\000r}{subsection.8.34.4}% 604
\BOOKMARK [3][-]{subsubsection.8.34.4.8}{\376\377\0008\000.\0003\0004\000.\0004\000.\0008\000\040\000w\000i\000f\000i\000\137\000s\000t\000a\000t\000e}{subsection.8.34.4}% 605
\BOOKMARK [3][-]{subsubsection.8.34.4.9}{\376\377\0008\000.\0003\0004\000.\0004\000.\0009\000\040\000w\000i\000f\000i\000\137\000t\000x\000\137\000s\000e\000m}{subsection.8.34.4}% 606
\BOOKMARK [3][-]{subsubsection.8.34.4.10}{\376\377\0008\000.\0003\0004\000.\0004\000.\0001\0000\000\040\000w\000i\000f\000i\000\137\000u\000a\000r\000t}{subsection.8.34.4}% 607
\BOOKMARK [0][-]{section*.52}{\376\377\000\315\000n\000d\000i\000c\000e\000\040\000a\000l\000f\000a\000b\000\351\000t\000i\000c\000o}{}% 608
